user_id,occupation,age,monthly_income,transaction_count_30d,avg_transaction_amount,location_risk_score,device_change_frequency,previous_fraud_flag,account_age_months,chargeback_count,risk_category
U_0001,student,19,215.01,12,17.38,0.16,0,0,9,0,Low
U_0002,student,19,606.02,11,45.15,0.11,0,0,28,0,Low
U_0003,student,18,217.88,8,14.84,0.04,0,0,36,0,Low
U_0004,student,21,629.61,8,36.56,0.38,1,0,15,0,Low
U_0005,student,25,553.56,11,41.42,0.06,0,0,11,0,Low
U_0006,student,24,404.15,8,12.0,0.07,1,0,7,0,Low
U_0007,student,19,427.96,7,21.15,0.36,1,0,17,0,Low
U_0008,student,18,637.84,5,29.13,0.18,1,0,6,0,Low
U_0009,student,22,697.64,13,32.83,0.36,1,0,13,0,Low
U_0010,student,19,227.49,13,15.26,0.24,1,0,6,0,Low
U_0011,student,21,719.89,9,22.11,0.17,1,0,24,0,Low
U_0012,student,20,422.11,8,14.43,0.2,1,0,5,0,Low
U_0013,student,20,520.48,13,16.02,0.11,1,0,25,0,Low
U_0014,student,22,793.71,8,33.8,0.14,0,0,21,0,Low
U_0015,student,18,337.43,7,6.44,0.11,1,0,26,0,Low
U_0016,student,22,239.71,13,46.09,0.14,1,0,14,0,Low
U_0017,student,25,437.38,8,46.15,0.22,1,0,10,0,Low
U_0018,student,22,283.78,9,38.52,0.18,1,0,28,0,Low
U_0019,student,24,417.2,10,49.88,0.21,0,0,33,0,Low
U_0020,student,25,254.55,10,7.12,0.09,0,0,10,0,Low
U_0021,student,20,675.25,15,24.0,0.25,0,0,25,0,Low
U_0022,student,24,557.53,7,26.06,0.49,1,0,36,0,Low
U_0023,student,18,608.17,8,10.15,0.22,1,0,22,0,Low
U_0024,student,19,376.1,10,12.12,0.07,0,0,17,0,Low
U_0025,student,20,504.61,16,9.79,0.11,1,0,33,0,Low
U_0026,student,21,291.7,150,19.66,0.14,5,0,21,0,Moderate
U_0027,student,25,211.69,15,46.81,0.1,1,0,16,0,Low
U_0028,student,18,344.52,11,30.53,0.26,0,0,6,0,Low
U_0029,student,25,689.61,10,49.01,0.05,0,0,9,0,Low
U_0030,student,25,768.11,8,12.43,0.27,1,0,14,0,Low
U_0031,student,21,627.77,5,22.95,0.12,1,0,29,0,Low
U_0032,student,25,272.6,13,15.11,0.07,1,0,2,0,Low
U_0033,student,21,553.06,8,5.32,0.06,0,0,15,0,Low
U_0034,student,19,743.25,15,43.68,0.24,0,0,33,0,Low
U_0035,student,21,367.09,8,26.84,0.1,0,0,31,0,Low
U_0036,student,21,670.77,16,41.34,0.09,0,0,7,0,Low
U_0037,student,19,595.39,6,20.94,0.19,1,0,30,0,Low
U_0038,student,18,604.02,9,49.29,0.21,0,0,4,0,Low
U_0039,student,24,636.93,10,41.03,0.18,0,0,16,0,Low
U_0040,student,21,314.13,15,25.19,0.11,1,0,12,0,Low
U_0041,student,22,477.58,10,44.35,0.4,0,0,29,0,Low
U_0042,student,19,230.35,13,49.97,0.26,0,0,6,0,Low
U_0043,student,21,299.79,11,26.85,0.22,0,0,26,0,Low
U_0044,student,18,298.78,10,5.1,0.08,1,0,17,0,Low
U_0045,student,25,371.15,9,36.35,0.54,1,0,10,2,Low
U_0046,student,21,378.02,12,48.59,0.36,0,0,21,0,Low
U_0047,student,18,230.09,9,26.46,0.19,0,0,4,0,Low
U_0048,student,19,710.81,10,8.08,0.22,0,0,16,0,Low
U_0049,student,24,271.93,11,45.06,0.5,0,0,3,0,Low
U_0050,student,19,451.53,11,31.27,0.24,1,0,17,0,Low
U_0051,student,21,601.84,16,19.14,0.5,1,0,26,0,Low
U_0052,student,20,603.01,16,18.5,0.25,1,0,5,0,Low
U_0053,student,18,474.97,14,49.93,0.39,0,1,5,3,Moderate
U_0054,student,21,503.53,8,10.96,0.23,1,0,5,0,Low
U_0055,student,21,421.72,9,12.1,0.26,1,0,34,0,Low
U_0056,student,18,600.72,12,29.96,0.53,0,0,9,1,Low
U_0057,student,22,269.26,9,9.82,0.22,0,0,18,0,Low
U_0058,student,22,562.9,11,37.29,0.12,0,0,17,0,Low
U_0059,student,25,350.67,5,45.87,0.23,0,0,6,0,Low
U_0060,student,24,697.61,8,6.98,0.27,1,0,9,0,Low
U_0061,student,22,296.95,5,24.88,0.12,1,0,36,0,Low
U_0062,student,18,267.12,9,47.53,0.11,0,0,35,0,Low
U_0063,student,18,700.76,9,31.21,0.24,0,0,28,0,Low
U_0064,student,20,225.1,3,21.41,0.27,0,0,23,0,Low
U_0065,student,21,609.24,18,35.01,0.29,1,0,36,0,Low
U_0066,student,24,784.3,11,38.73,0.52,0,0,11,0,Low
U_0067,student,20,728.85,3,6.12,0.53,1,0,27,0,Low
U_0068,student,21,360.08,10,40.43,0.1,0,0,25,0,Low
U_0069,student,18,715.16,12,15.01,0.34,1,0,23,0,Low
U_0070,student,22,692.32,11,44.21,0.36,0,0,2,0,Low
U_0071,student,21,439.08,11,17.54,0.12,0,0,18,0,Low
U_0072,student,23,584.89,14,22.99,0.08,1,0,2,0,Low
U_0073,student,19,726.22,7,16.75,0.03,1,0,3,0,Low
U_0074,student,19,557.94,10,20.56,0.32,1,0,28,0,Low
U_0075,student,19,431.12,14,30.95,0.18,1,0,3,0,Low
U_0076,student,24,201.01,6,46.65,0.48,0,0,24,0,Low
U_0077,student,24,241.98,15,34.89,0.36,1,0,21,0,Low
U_0078,student,19,631.85,10,18.51,0.23,1,0,27,0,Low
U_0079,student,23,441.44,11,18.3,0.29,0,0,13,0,Low
U_0080,student,24,598.96,15,22.06,0.07,0,0,20,0,Low
U_0081,student,24,528.76,6,5.02,0.23,1,0,14,0,Low
U_0082,student,24,671.46,10,32.3,0.1,1,0,30,0,Low
U_0083,student,25,465.3,4,14.62,0.21,1,0,11,0,Low
U_0084,student,19,370.27,9,34.87,0.03,1,0,6,0,Low
U_0085,student,21,603.68,10,15.11,0.22,0,0,10,0,Low
U_0086,student,18,227.73,8,49.28,0.16,0,0,30,0,Low
U_0087,student,24,731.68,11,30.91,0.12,1,0,32,0,Low
U_0088,student,24,346.39,150,17.26,0.08,5,0,7,0,Moderate
U_0089,student,24,331.3,11,41.18,0.04,1,0,4,0,Low
U_0090,student,21,750.48,7,10.46,0.16,0,0,30,0,Low
U_0091,student,23,770.02,5,45.11,0.09,1,0,36,0,Low
U_0092,student,25,738.32,16,38.46,0.03,1,0,29,0,Low
U_0093,student,22,651.07,8,42.79,0.04,7,1,34,0,Low
U_0094,student,25,576.05,8,17.36,0.55,0,1,19,3,Moderate
U_0095,student,21,363.03,8,19.39,0.35,0,0,9,0,Low
U_0096,student,20,338.76,13,36.23,0.01,0,0,5,0,Low
U_0097,student,24,444.56,6,29.42,0.2,1,0,4,0,Low
U_0098,student,21,699.73,6,22.53,0.15,0,0,25,0,Low
U_0099,student,25,203.54,12,20.83,0.31,1,0,27,0,Low
U_0100,student,21,492.94,9,17.28,0.03,1,0,2,0,Low
U_0101,salaried,46,3684.84,28,210.16,0.16,1,0,98,0,Low
U_0102,salaried,32,6963.29,32,277.47,0.25,2,0,74,0,Low
U_0103,salaried,23,7395.04,38,185.73,0.16,2,0,9,0,Low
U_0104,salaried,27,5677.87,27,58.0,0.2,1,0,29,0,Low
U_0105,salaried,25,3191.02,25,111.66,0.2,1,0,47,0,Low
U_0106,salaried,43,6447.99,26,126.16,0.01,1,0,38,0,Low
U_0107,salaried,27,4556.99,23,229.73,0.51,0,0,50,0,Low
U_0108,salaried,36,5725.94,40,238.75,0.22,2,0,11,0,Low
U_0109,salaried,23,7672.48,31,75.82,0.46,0,0,85,0,Low
U_0110,salaried,31,3050.54,29,152.6,0.12,0,0,78,0,Low
U_0111,salaried,35,4522.72,18,91.75,0.13,1,0,27,0,Low
U_0112,salaried,60,5447.11,27,229.42,0.07,0,0,105,0,Low
U_0113,salaried,32,7770.69,23,50.27,0.09,0,0,45,0,Low
U_0114,salaried,58,5902.76,33,288.29,0.36,1,0,97,0,Low
U_0115,salaried,34,1993.98,31,213.37,0.05,2,0,37,0,Low
U_0116,salaried,28,6031.75,24,104.44,0.51,2,0,82,1,Low
U_0117,salaried,29,6675.48,29,178.46,0.83,4,0,50,0,Moderate
U_0118,salaried,56,4284.46,42,123.76,0.02,2,0,88,0,Low
U_0119,salaried,43,1582.24,23,137.62,0.36,1,0,19,0,Low
U_0120,salaried,49,7745.12,22,197.96,0.09,1,0,96,0,Low
U_0121,salaried,31,4330.67,25,225.46,0.3,2,0,40,0,Low
U_0122,salaried,56,6535.17,25,150.16,0.31,2,0,81,0,Low
U_0123,salaried,39,3594.98,38,88.74,0.06,0,0,41,0,Low
U_0124,salaried,50,3085.11,26,150.12,0.09,2,0,91,0,Low
U_0125,salaried,46,3686.58,42,158.41,0.43,1,0,29,0,Low
U_0126,salaried,53,2878.78,35,243.39,0.3,1,0,41,0,Low
U_0127,salaried,60,6057.69,26,97.36,0.76,4,0,72,0,Moderate
U_0128,salaried,34,2056.48,26,221.62,0.2,1,0,77,0,Low
U_0129,salaried,37,5988.96,31,200.85,0.06,1,0,63,0,Low
U_0130,salaried,23,2104.85,33,82.05,0.53,2,0,37,0,Low
U_0131,salaried,41,5815.74,17,123.33,0.04,2,0,73,0,Low
U_0132,salaried,44,4265.77,28,228.86,0.13,1,0,51,0,Low
U_0133,salaried,51,3260.96,30,90.39,0.41,0,0,98,0,Low
U_0134,salaried,34,3551.06,26,228.01,0.13,2,0,29,0,Low
U_0135,salaried,34,2906.5,35,155.58,0.16,2,0,81,0,Low
U_0136,salaried,55,5379.14,29,294.54,0.37,0,0,43,0,Low
U_0137,salaried,36,3845.73,31,104.63,0.32,2,0,74,0,Low
U_0138,salaried,30,3283.02,31,292.8,0.22,2,0,43,0,Low
U_0139,salaried,30,5646.15,37,230.78,0.29,7,1,117,0,Moderate
U_0140,salaried,22,5231.42,31,151.43,0.29,1,0,49,0,Low
U_0141,salaried,33,7775.73,30,90.69,0.25,1,0,20,0,Low
U_0142,salaried,26,4104.6,32,40.74,0.1,2,0,93,0,Low
U_0143,salaried,25,2486.23,34,247.12,0.07,1,0,16,0,Low
U_0144,salaried,37,2269.94,32,234.04,0.19,2,0,82,0,Low
U_0145,salaried,36,6542.01,27,126.51,0.17,1,0,44,0,Low
U_0146,salaried,59,7935.2,29,105.51,0.71,4,0,13,0,Moderate
U_0147,salaried,28,7659.34,26,78.18,0.14,0,0,39,0,Low
U_0148,salaried,27,2520.87,33,68.67,0.15,0,0,26,0,Low
U_0149,salaried,22,4155.36,29,213.02,0.75,4,0,43,0,Moderate
U_0150,salaried,24,3004.6,30,217.95,0.29,2,0,116,0,Low
U_0151,salaried,51,1962.67,27,85.36,0.06,1,0,106,0,Low
U_0152,salaried,59,5797.69,25,281.43,0.06,1,0,20,0,Low
U_0153,salaried,56,2961.26,37,61.72,0.41,1,0,111,0,Low
U_0154,salaried,31,1964.16,31,66.46,0.8,4,0,82,0,Moderate
U_0155,salaried,58,7487.75,30,142.96,0.11,1,0,94,0,Low
U_0156,salaried,41,6048.27,30,283.95,0.24,2,0,75,0,Low
U_0157,salaried,53,4345.43,31,187.45,0.27,1,0,100,0,Low
U_0158,salaried,42,5424.14,37,27.24,0.25,0,0,92,0,Low
U_0159,salaried,58,5316.3,34,25.81,0.36,2,0,111,0,Low
U_0160,salaried,39,5245.61,34,233.67,0.19,0,0,66,0,Low
U_0161,salaried,55,5734.81,26,276.5,0.51,0,0,80,0,Low
U_0162,salaried,49,5626.1,31,157.68,0.26,0,0,66,0,Low
U_0163,salaried,44,4154.26,27,109.9,0.45,0,0,115,0,Low
U_0164,salaried,32,3643.72,33,214.23,0.82,4,0,90,0,Moderate
U_0165,salaried,47,6788.18,23,174.03,0.02,1,0,17,0,Low
U_0166,salaried,42,3140.59,29,52.46,0.28,1,0,116,0,Low
U_0167,salaried,54,6862.03,35,20.32,0.01,7,1,65,0,Moderate
U_0168,salaried,48,1852.33,150,82.58,0.05,5,0,102,0,Moderate
U_0169,salaried,53,5565.16,28,232.8,0.1,0,0,40,0,Low
U_0170,salaried,57,2351.59,35,100.65,0.32,2,0,68,0,Low
U_0171,salaried,29,1687.65,150,98.2,0.44,5,0,96,0,Moderate
U_0172,salaried,32,3519.88,30,23.83,0.36,1,0,17,0,Low
U_0173,salaried,36,7949.67,29,275.62,0.11,1,0,21,0,Low
U_0174,salaried,31,4739.44,26,220.65,0.07,2,0,96,0,Low
U_0175,salaried,39,4200.69,23,155.1,0.91,4,0,37,0,Moderate
U_0176,salaried,51,5083.22,27,127.4,0.18,2,0,71,0,Low
U_0177,salaried,30,7116.18,28,97.35,0.37,1,0,49,0,Low
U_0178,salaried,54,3236.62,24,20.72,0.3,2,0,44,0,Low
U_0179,salaried,59,5269.5,18,204.78,0.24,0,0,63,0,Low
U_0180,salaried,56,4648.22,27,113.08,0.35,2,0,54,0,Low
U_0181,salaried,51,7563.54,30,263.49,0.11,2,0,36,0,Low
U_0182,salaried,58,3989.31,24,259.68,0.08,1,0,11,0,Low
U_0183,salaried,42,6340.58,25,217.46,0.26,1,0,55,0,Low
U_0184,salaried,31,4719.64,34,30.37,0.41,2,0,81,1,Low
U_0185,salaried,43,7153.05,34,264.77,0.34,10,1,18,0,Moderate
U_0186,salaried,55,7417.87,31,24.3,0.19,0,0,58,0,Low
U_0187,salaried,31,1986.38,23,238.83,0.43,1,0,49,0,Low
U_0188,salaried,47,5723.94,30,258.49,0.07,2,0,115,0,Low
U_0189,salaried,56,3970.06,31,108.67,0.03,2,0,119,0,Low
U_0190,salaried,53,7170.49,25,30.05,0.29,0,0,36,0,Low
U_0191,salaried,40,7983.27,29,229.09,0.32,1,0,18,0,Low
U_0192,salaried,28,4383.91,33,214.32,0.19,0,0,11,0,Low
U_0193,salaried,42,6674.93,25,102.14,0.16,1,0,61,0,Low
U_0194,salaried,31,3087.28,16,135.37,0.28,2,0,107,0,Low
U_0195,salaried,33,2604.89,16,42.11,0.27,1,0,85,0,Low
U_0196,salaried,37,4734.84,30,183.28,0.44,0,0,65,0,Low
U_0197,salaried,38,4487.21,47,206.72,0.05,1,0,42,0,Low
U_0198,salaried,56,2526.84,33,143.68,0.17,1,0,81,0,Low
U_0199,salaried,41,5653.1,37,138.81,0.24,1,0,64,0,Low
U_0200,salaried,41,2794.91,28,127.71,0.27,1,0,19,0,Low
U_0201,freelancer,32,2401.73,48,198.71,0.51,2,0,40,0,Low
U_0202,freelancer,46,2462.38,37,33.81,0.33,0,0,80,1,Low
U_0203,freelancer,34,4058.11,47,138.16,0.28,2,0,31,0,Low
U_0204,freelancer,44,1852.63,38,385.12,0.43,1,0,83,0,Low
U_0205,freelancer,45,3514.63,34,175.2,0.45,3,0,7,1,Low
U_0206,freelancer,48,1351.93,38,457.53,0.01,2,0,56,0,Low
U_0207,freelancer,31,1355.07,38,283.52,0.51,2,0,70,2,Moderate
U_0208,freelancer,30,1879.27,46,417.6,0.4,3,0,40,1,Moderate
U_0209,freelancer,50,1283.71,37,482.56,0.08,1,0,31,1,Low
U_0210,freelancer,50,3140.71,46,72.44,0.69,3,0,4,1,Moderate
U_0211,freelancer,42,1319.07,38,203.24,0.54,2,0,77,1,Moderate
U_0212,freelancer,45,4749.23,44,80.92,0.36,1,0,63,0,Low
U_0213,freelancer,44,4513.79,42,293.86,0.62,1,0,11,1,Moderate
U_0214,freelancer,47,2069.2,38,221.9,0.35,1,0,8,0,Low
U_0215,freelancer,34,4982.89,36,84.58,0.27,1,0,71,0,Low
U_0216,freelancer,37,2705.3,39,345.13,0.29,3,0,78,0,Low
U_0217,freelancer,38,3550.67,30,421.84,0.28,3,0,38,0,Low
U_0218,freelancer,47,2356.23,38,238.39,0.73,1,0,49,0,Moderate
U_0219,freelancer,46,2342.81,44,453.8,0.24,2,0,10,1,Low
U_0220,freelancer,33,1597.2,34,87.42,0.35,3,0,14,0,Low
U_0221,freelancer,45,3485.87,35,486.41,0.28,0,0,45,0,Low
U_0222,freelancer,29,4105.31,37,126.45,0.52,1,0,78,0,Low
U_0223,freelancer,32,2179.95,33,99.35,0.55,0,0,38,0,Low
U_0224,freelancer,29,3068.9,45,405.3,0.41,0,0,6,0,Low
U_0225,freelancer,25,2304.62,38,400.56,0.49,2,0,5,0,Low
U_0226,freelancer,33,1020.08,30,378.61,0.35,0,0,11,1,Low
U_0227,freelancer,39,4067.67,35,271.22,0.05,0,0,60,0,Low
U_0228,freelancer,44,982.13,42,398.12,0.23,2,0,61,0,Low
U_0229,freelancer,26,4994.06,31,428.23,0.5,3,0,16,1,Moderate
U_0230,freelancer,47,4620.74,46,64.54,0.38,0,0,44,0,Low
U_0231,freelancer,27,1330.0,43,323.43,0.23,2,0,51,1,Low
U_0232,freelancer,39,2923.31,33,232.19,0.17,0,0,73,0,Low
U_0233,freelancer,38,2696.53,36,137.39,0.18,2,0,61,1,Low
U_0234,freelancer,38,3864.37,42,176.9,0.26,2,0,35,1,Low
U_0235,freelancer,29,3684.65,35,252.91,0.33,0,0,13,0,Low
U_0236,freelancer,38,1205.57,27,377.23,0.22,1,0,74,0,Low
U_0237,freelancer,43,4817.82,42,293.99,0.7,0,0,55,1,Moderate
U_0238,freelancer,46,4752.75,38,228.78,0.34,0,0,39,1,Low
U_0239,freelancer,36,1235.12,35,268.48,0.04,1,0,64,0,Low
U_0240,freelancer,28,2270.48,40,291.44,0.23,0,0,38,0,Low
U_0241,freelancer,50,2602.27,40,293.65,0.31,0,0,80,1,Low
U_0242,freelancer,25,1557.75,38,360.27,0.66,2,0,46,1,Moderate
U_0243,freelancer,25,1561.9,39,97.33,0.26,3,0,11,0,Low
U_0244,freelancer,48,3459.32,49,44.41,0.21,1,0,51,1,Low
U_0245,freelancer,39,2231.76,45,203.92,0.22,2,0,75,0,Low
U_0246,freelancer,26,1453.44,45,384.58,0.23,0,0,13,1,Low
U_0247,freelancer,39,3580.14,33,258.26,0.13,3,0,56,1,Low
U_0248,freelancer,31,3970.76,58,83.49,0.64,3,0,17,1,Moderate
U_0249,freelancer,46,3649.64,31,258.72,0.49,2,0,8,0,Low
U_0250,freelancer,37,4934.67,42,55.75,0.57,1,0,41,0,Low
U_0251,freelancer,49,1376.39,37,150.09,0.63,2,0,18,0,Moderate
U_0252,freelancer,40,3937.46,35,112.58,0.04,3,0,71,0,Low
U_0253,freelancer,41,3146.64,35,343.98,0.39,2,0,12,1,Low
U_0254,freelancer,48,977.67,43,38.81,0.38,0,0,43,1,Low
U_0255,freelancer,43,2498.58,34,330.87,0.18,2,0,17,1,Low
U_0256,freelancer,25,4858.04,40,110.78,0.48,3,0,49,0,Low
U_0257,freelancer,38,4346.83,45,144.36,0.7,3,1,70,2,Moderate
U_0258,freelancer,37,4456.2,34,380.53,0.3,1,0,45,0,Low
U_0259,freelancer,27,2944.03,46,83.59,0.49,1,0,47,1,Low
U_0260,freelancer,48,4824.54,37,333.36,0.34,1,0,33,0,Low
U_0261,freelancer,29,1875.07,37,111.54,0.23,1,0,12,0,Low
U_0262,freelancer,49,3437.38,38,248.06,0.69,3,0,75,1,Moderate
U_0263,freelancer,45,2127.78,30,236.69,0.59,3,0,59,1,Moderate
U_0264,freelancer,50,1953.63,41,56.4,0.24,0,0,42,1,Low
U_0265,freelancer,39,957.95,47,203.31,0.43,2,0,12,0,Low
U_0266,freelancer,44,3295.14,44,210.71,0.38,0,0,60,0,Low
U_0267,freelancer,35,3341.02,39,265.64,0.22,0,0,60,0,Low
U_0268,freelancer,50,4576.33,43,191.42,0.44,0,0,67,0,Low
U_0269,freelancer,26,1840.52,47,235.75,0.42,3,0,70,0,Low
U_0270,freelancer,36,2365.98,37,162.96,0.6,3,0,46,0,Moderate
U_0271,freelancer,50,3449.72,35,187.29,0.47,2,0,15,1,Low
U_0272,freelancer,34,1858.38,32,430.24,0.17,1,0,45,0,Low
U_0273,freelancer,43,3587.17,45,460.87,0.14,2,0,53,0,Low
U_0274,freelancer,44,3777.1,55,69.82,0.32,3,0,45,0,Low
U_0275,freelancer,46,3751.89,50,475.14,0.57,0,0,57,1,Moderate
U_0276,freelancer,25,2322.91,28,114.72,0.02,1,0,46,1,Low
U_0277,freelancer,31,1751.48,52,94.66,0.11,0,0,40,0,Low
U_0278,freelancer,41,4037.67,35,422.51,0.56,0,0,46,0,Low
U_0279,freelancer,44,2382.22,42,106.26,0.28,1,0,59,0,Low
U_0280,freelancer,38,2330.06,40,368.21,0.31,3,0,81,1,Low
U_0281,freelancer,49,3943.85,41,241.0,0.12,1,0,42,1,Low
U_0282,freelancer,31,2344.93,38,475.15,0.46,3,0,62,1,Moderate
U_0283,freelancer,49,2403.86,39,277.91,0.26,1,0,28,0,Low
U_0284,freelancer,33,1019.16,37,255.88,0.16,2,0,73,0,Low
U_0285,freelancer,47,4352.75,48,430.05,0.19,2,0,13,0,Low
U_0286,freelancer,33,2687.14,40,271.28,0.35,3,0,14,0,Low
U_0287,freelancer,39,4515.45,57,467.32,0.39,3,0,9,1,Moderate
U_0288,freelancer,41,2370.64,42,211.5,0.2,0,0,50,0,Low
U_0289,freelancer,25,2138.48,44,76.57,0.5,2,0,21,0,Low
U_0290,freelancer,26,2004.89,49,419.99,0.12,1,0,63,1,Low
U_0291,freelancer,44,822.06,43,67.24,0.16,2,0,30,0,Low
U_0292,freelancer,42,4748.95,40,316.17,0.45,3,0,17,1,Moderate
U_0293,freelancer,32,2064.84,41,52.44,0.56,3,0,84,2,Moderate
U_0294,freelancer,27,1265.6,37,455.42,0.42,0,0,83,0,Low
U_0295,freelancer,47,1403.02,47,231.74,0.27,2,0,33,1,Low
U_0296,freelancer,30,3590.36,45,70.24,0.11,2,0,11,0,Low
U_0297,freelancer,37,4467.99,31,50.46,0.29,3,0,50,1,Low
U_0298,freelancer,48,868.22,48,400.6,0.26,2,0,33,0,Low
U_0299,freelancer,49,3243.99,40,385.64,0.09,8,1,8,1,Moderate
U_0300,freelancer,42,2221.9,45,332.11,0.3,3,0,64,0,Low
U_0301,business_owner,38,4072.71,122,1563.57,0.22,3,0,21,2,Moderate
U_0302,business_owner,42,3744.71,116,438.97,0.45,9,1,92,2,High
U_0303,business_owner,62,9769.81,139,1640.04,0.3,3,0,76,0,Moderate
U_0304,business_owner,42,7863.89,131,1731.17,0.49,0,0,179,2,Moderate
U_0305,business_owner,47,5116.08,113,767.64,0.51,3,0,124,3,Moderate
U_0306,business_owner,51,19553.3,111,1017.6,0.56,3,0,106,2,Moderate
U_0307,business_owner,35,15360.38,113,203.91,0.07,4,0,58,2,Moderate
U_0308,business_owner,50,4744.16,109,689.44,0.64,2,0,90,3,Moderate
U_0309,business_owner,57,5832.96,132,915.62,0.44,3,0,22,2,Moderate
U_0310,business_owner,57,7667.44,122,1961.05,0.58,0,0,31,3,Moderate
U_0311,business_owner,53,11722.46,123,1512.3,0.04,1,0,19,1,Moderate
U_0312,business_owner,58,3591.58,127,181.11,0.94,5,1,105,4,High
U_0313,business_owner,54,19140.94,123,113.15,0.31,1,0,127,2,Moderate
U_0314,business_owner,53,10546.97,115,199.93,0.49,1,0,147,2,Moderate
U_0315,business_owner,55,8344.55,114,593.45,0.51,0,0,18,1,Moderate
U_0316,business_owner,61,11801.67,120,1831.41,0.43,0,0,79,2,Moderate
U_0317,business_owner,58,6647.7,122,1243.16,0.27,10,1,137,1,High
U_0318,business_owner,37,5307.38,124,194.4,0.36,1,0,125,0,Moderate
U_0319,business_owner,50,14353.28,106,1433.6,0.72,4,0,150,2,Moderate
U_0320,business_owner,49,17473.15,127,1438.03,0.15,5,0,175,1,Moderate
U_0321,business_owner,53,11648.85,98,286.66,0.45,1,0,47,1,Moderate
U_0322,business_owner,61,3446.83,116,1130.34,0.24,2,0,131,1,Moderate
U_0323,business_owner,35,4117.72,115,826.41,0.59,5,0,134,3,High
U_0324,business_owner,56,16996.77,138,193.81,0.7,2,0,176,0,Moderate
U_0325,business_owner,58,10919.16,99,1058.85,0.45,1,0,153,1,Moderate
U_0326,business_owner,38,10354.51,119,1825.89,0.32,0,0,43,1,Moderate
U_0327,business_owner,49,5799.17,128,679.19,0.27,5,0,69,2,Moderate
U_0328,business_owner,63,18213.74,112,1699.57,0.48,2,0,62,2,Moderate
U_0329,business_owner,38,13625.38,118,1248.14,0.2,0,0,140,1,Moderate
U_0330,business_owner,39,5910.41,126,1267.73,0.2,4,0,98,0,Moderate
U_0331,business_owner,31,4380.79,115,1899.67,0.21,4,0,79,1,Moderate
U_0332,business_owner,56,13507.84,100,109.06,0.48,10,1,151,2,High
U_0333,business_owner,49,11210.06,118,1619.14,0.71,5,0,115,2,High
U_0334,business_owner,59,4240.54,150,166.83,0.39,3,0,118,3,Moderate
U_0335,business_owner,59,6468.39,119,1232.99,0.24,2,0,93,2,Moderate
U_0336,business_owner,55,5223.02,116,772.55,0.52,4,0,39,2,Moderate
U_0337,business_owner,45,10930.03,121,571.57,0.73,1,0,48,0,Moderate
U_0338,business_owner,33,7933.6,109,799.09,0.65,4,0,119,1,Moderate
U_0339,business_owner,40,16829.12,106,1870.82,0.56,5,0,92,1,Moderate
U_0340,business_owner,40,11470.51,124,1053.71,0.13,3,0,90,3,Moderate
U_0341,business_owner,31,4530.83,119,816.82,0.37,3,0,73,1,Moderate
U_0342,business_owner,52,3827.19,106,598.64,0.49,4,0,179,3,Moderate
U_0343,business_owner,48,12123.74,143,1701.99,0.46,3,0,46,2,Moderate
U_0344,business_owner,53,15985.56,123,763.58,0.95,4,0,25,1,High
U_0345,business_owner,53,12404.79,120,193.39,0.53,4,0,127,2,Moderate
U_0346,business_owner,37,5187.28,132,238.53,0.47,2,0,98,2,Moderate
U_0347,business_owner,39,6383.98,133,1042.79,0.49,4,0,22,0,Moderate
U_0348,business_owner,32,5329.62,127,699.43,0.47,3,0,144,3,Moderate
U_0349,business_owner,39,13306.43,113,1055.24,0.09,2,0,168,2,Moderate
U_0350,business_owner,40,9680.23,132,1252.18,0.37,2,0,163,2,Moderate
U_0351,business_owner,62,17080.92,129,1088.06,0.52,5,0,156,2,Moderate
U_0352,business_owner,60,16867.73,117,768.3,0.33,5,0,40,3,Moderate
U_0353,business_owner,49,16544.83,144,1464.38,0.68,5,0,173,0,Moderate
U_0354,business_owner,60,7514.02,120,1328.4,0.71,4,0,159,1,Moderate
U_0355,business_owner,33,12919.9,113,382.5,0.17,5,0,170,3,Moderate
U_0356,business_owner,39,16968.24,119,522.28,0.34,4,0,40,1,Moderate
U_0357,business_owner,31,10497.66,125,866.62,0.41,3,0,64,3,Moderate
U_0358,business_owner,62,16174.53,100,1845.02,0.68,5,0,27,1,Moderate
U_0359,business_owner,63,6524.81,122,683.85,0.54,5,0,134,3,High
U_0360,business_owner,50,19263.65,113,946.34,0.27,4,0,99,2,Moderate
U_0361,business_owner,46,13371.3,94,424.92,0.3,1,0,83,2,Moderate
U_0362,business_owner,44,19005.25,111,1965.41,0.3,2,0,65,3,Moderate
U_0363,business_owner,50,11156.66,133,1142.95,0.4,5,0,82,2,Moderate
U_0364,business_owner,37,12749.11,116,1109.22,0.53,3,0,100,1,Moderate
U_0365,business_owner,48,3715.13,124,1912.86,0.38,0,0,100,3,Moderate
U_0366,business_owner,46,15704.75,145,467.27,0.31,4,0,81,2,Moderate
U_0367,business_owner,38,4856.85,95,1494.74,0.31,1,0,74,0,Moderate
U_0368,business_owner,63,6836.42,110,504.03,0.31,0,0,117,2,Moderate
U_0369,business_owner,60,4709.26,110,1552.99,0.57,0,0,152,1,Moderate
U_0370,business_owner,56,14099.18,123,1767.26,0.6,3,0,134,1,Moderate
U_0371,business_owner,48,8459.85,125,1309.5,0.16,0,0,178,1,Moderate
U_0372,business_owner,64,15557.67,116,1708.15,0.52,0,0,56,1,Moderate
U_0373,business_owner,41,18876.68,115,120.86,0.51,3,0,138,1,Moderate
U_0374,business_owner,48,17904.63,121,68.07,0.42,4,0,166,0,Moderate
U_0375,business_owner,51,7837.55,126,1978.74,0.41,4,0,146,3,Moderate
U_0376,business_owner,38,17468.02,105,962.64,0.42,1,0,40,2,Moderate
U_0377,business_owner,40,15429.03,129,1314.16,0.36,5,0,59,0,Moderate
U_0378,business_owner,51,16443.05,133,1157.17,0.38,1,0,56,3,Moderate
U_0379,business_owner,57,11759.77,117,219.14,0.66,5,0,36,1,Moderate
U_0380,business_owner,38,11116.72,143,1874.86,0.36,0,0,78,3,Moderate
U_0381,business_owner,45,10594.5,116,570.64,0.36,2,0,89,0,Moderate
U_0382,business_owner,46,14112.62,122,1400.9,0.32,0,0,42,3,Moderate
U_0383,business_owner,49,5715.19,112,1387.84,0.28,5,0,91,0,Moderate
U_0384,business_owner,48,9248.25,127,480.66,0.5,1,0,134,1,Moderate
U_0385,business_owner,59,15711.49,126,1231.19,0.45,3,0,152,3,Moderate
U_0386,business_owner,64,16633.91,118,1659.93,0.81,1,0,164,0,Moderate
U_0387,business_owner,63,10594.72,130,1422.34,0.62,0,0,156,0,Moderate
U_0388,business_owner,33,17089.16,123,1810.63,0.41,6,1,158,1,High
U_0389,business_owner,40,8578.0,108,1064.67,0.3,0,0,64,3,Moderate
U_0390,business_owner,35,18281.12,108,918.69,0.51,0,0,128,1,Moderate
U_0391,business_owner,62,10062.22,115,1149.63,0.6,4,0,130,2,Moderate
U_0392,business_owner,31,9731.13,133,1642.08,0.56,5,0,67,0,Moderate
U_0393,business_owner,32,10202.86,125,1415.75,0.28,4,0,27,0,Moderate
U_0394,business_owner,60,3539.49,116,847.29,0.7,9,1,176,3,High
U_0395,business_owner,53,19878.56,112,795.84,0.75,3,0,108,0,Moderate
U_0396,business_owner,64,5260.83,139,1727.56,0.58,0,0,57,3,Moderate
U_0397,business_owner,63,5164.9,123,1958.51,0.3,0,0,17,2,Moderate
U_0398,business_owner,59,14449.5,115,1111.67,0.43,4,0,109,1,Moderate
U_0399,business_owner,45,10830.63,119,352.49,0.74,1,0,40,0,Moderate
U_0400,business_owner,56,13453.69,133,1875.66,0.42,0,0,73,1,Moderate
U_0401,retiree,62,1021.97,9,16.38,0.03,0,0,86,0,Low
U_0402,retiree,83,897.32,5,93.4,0.2,0,0,217,0,Low
U_0403,retiree,84,924.18,12,105.74,0.62,1,1,83,4,Moderate
U_0404,retiree,83,2067.44,7,119.72,0.18,1,0,84,0,Low
U_0405,retiree,69,2727.77,14,197.28,0.23,0,0,129,0,Low
U_0406,retiree,69,1405.34,13,115.78,0.02,0,0,184,0,Low
U_0407,retiree,81,1739.84,10,104.17,0.04,1,0,188,0,Low
U_0408,retiree,81,1638.54,11,109.65,0.53,1,1,128,2,Moderate
U_0409,retiree,64,1459.75,8,44.94,0.18,1,0,85,0,Low
U_0410,retiree,67,1461.62,8,144.44,0.31,1,0,38,0,Low
U_0411,retiree,77,1707.89,6,89.14,0.16,0,0,123,0,Low
U_0412,retiree,67,1360.99,7,72.75,0.08,0,0,139,0,Low
U_0413,retiree,71,1003.42,4,147.67,0.19,0,0,37,0,Low
U_0414,retiree,68,1629.77,6,124.94,0.33,0,0,42,0,Low
U_0415,retiree,66,2570.23,11,121.64,0.01,0,0,146,0,Low
U_0416,retiree,66,2712.84,9,73.26,0.12,0,0,78,0,Low
U_0417,retiree,66,2916.57,4,32.29,0.23,1,0,86,0,Low
U_0418,retiree,82,2129.68,7,48.86,0.1,0,0,165,0,Low
U_0419,retiree,70,2506.13,11,82.33,0.09,1,0,102,0,Low
U_0420,retiree,68,1591.22,9,177.73,0.27,1,0,49,0,Low
U_0421,retiree,85,2958.9,9,99.2,0.1,1,0,76,0,Low
U_0422,retiree,71,1488.43,6,18.69,0.23,0,0,213,0,Low
U_0423,retiree,64,835.68,7,115.13,0.06,1,0,99,0,Low
U_0424,retiree,64,1231.62,11,53.7,0.78,4,0,151,0,Moderate
U_0425,retiree,77,2240.14,11,140.12,0.34,1,0,219,0,Low
U_0426,retiree,75,2926.32,2,131.92,0.25,1,0,141,0,Low
U_0427,retiree,65,2412.1,2,76.91,0.21,0,0,208,0,Low
U_0428,retiree,77,1874.3,6,184.21,0.17,0,0,158,0,Low
U_0429,retiree,61,2645.95,11,24.12,0.23,0,0,219,0,Low
U_0430,retiree,60,1707.26,6,170.08,0.4,0,0,41,2,Low
U_0431,retiree,82,1132.27,4,51.56,0.39,1,0,119,0,Low
U_0432,retiree,61,2159.24,7,136.68,0.11,1,0,192,0,Low
U_0433,retiree,75,834.61,8,111.12,0.53,1,0,27,2,Low
U_0434,retiree,60,1964.72,7,62.2,0.84,1,0,28,0,Low
U_0435,retiree,76,2588.95,8,138.07,0.05,0,0,51,0,Low
U_0436,retiree,63,1953.65,5,55.78,0.17,1,0,232,0,Low
U_0437,retiree,71,1388.11,11,85.41,0.17,1,0,127,0,Low
U_0438,retiree,74,2043.0,8,198.14,0.08,0,0,100,0,Low
U_0439,retiree,81,2621.74,8,25.32,0.43,0,0,47,0,Low
U_0440,retiree,72,1634.38,8,115.01,0.18,0,0,187,0,Low
U_0441,retiree,60,2346.26,5,25.71,0.06,1,0,189,0,Low
U_0442,retiree,85,1528.8,8,195.69,0.45,0,0,159,0,Low
U_0443,retiree,61,1305.49,8,181.24,0.01,1,0,93,0,Low
U_0444,retiree,61,2833.15,5,140.04,0.18,1,0,163,0,Low
U_0445,retiree,78,2247.84,12,44.08,0.04,1,0,28,0,Low
U_0446,retiree,66,2091.48,12,152.93,0.36,1,0,43,0,Low
U_0447,retiree,69,1157.39,9,55.69,0.14,1,0,197,0,Low
U_0448,retiree,77,1529.81,10,153.57,0.26,0,0,226,0,Low
U_0449,retiree,82,2393.16,6,105.15,0.15,1,0,37,0,Low
U_0450,retiree,63,1761.59,12,169.35,0.35,1,0,178,0,Low
U_0451,retiree,84,2150.5,150,61.59,0.11,5,0,31,0,Moderate
U_0452,retiree,80,1401.32,5,198.59,0.04,1,0,82,0,Low
U_0453,retiree,71,2016.68,6,81.33,0.19,0,0,198,0,Low
U_0454,retiree,78,2253.48,6,26.28,0.12,1,0,228,0,Low
U_0455,retiree,67,2368.84,7,25.59,0.34,0,0,121,0,Low
U_0456,retiree,82,2524.56,10,39.31,0.5,1,0,105,0,Low
U_0457,retiree,71,1034.41,10,10.99,0.07,1,0,137,0,Low
U_0458,retiree,71,2474.96,9,29.42,0.24,0,0,71,0,Low
U_0459,retiree,73,1787.46,10,115.4,0.26,1,0,50,0,Low
U_0460,retiree,60,997.16,7,115.3,0.0,1,0,122,0,Low
U_0461,retiree,60,1442.06,7,83.68,0.37,0,1,209,4,Moderate
U_0462,retiree,77,2791.46,150,97.92,0.4,5,0,199,0,Moderate
U_0463,retiree,72,1172.9,5,61.09,0.59,1,1,150,2,Moderate
U_0464,retiree,64,939.19,5,92.59,0.24,1,0,100,0,Low
U_0465,retiree,75,2521.87,8,78.61,0.27,10,1,208,0,Moderate
U_0466,retiree,80,1890.77,4,127.17,0.45,1,0,51,2,Low
U_0467,retiree,64,1470.25,14,190.28,0.41,1,0,239,0,Low
U_0468,retiree,79,1635.76,7,173.82,0.26,1,0,109,0,Low
U_0469,retiree,73,2594.05,6,173.31,0.08,0,0,100,0,Low
U_0470,retiree,70,2127.06,8,142.11,0.1,1,0,104,0,Low
U_0471,retiree,65,2922.06,9,194.06,0.18,1,0,212,0,Low
U_0472,retiree,82,2192.39,8,193.87,0.2,0,0,107,0,Low
U_0473,retiree,72,1416.66,150,79.66,0.25,5,0,53,0,Moderate
U_0474,retiree,78,1239.56,6,199.48,0.17,0,0,198,0,Low
U_0475,retiree,84,2010.22,10,191.07,0.31,1,1,205,4,Moderate
U_0476,retiree,66,1764.6,10,65.35,0.45,0,0,233,0,Low
U_0477,retiree,85,2549.1,11,137.87,0.51,0,0,186,0,Low
U_0478,retiree,69,1332.45,7,135.15,0.27,1,0,226,0,Low
U_0479,retiree,72,962.72,11,198.23,0.04,1,0,173,0,Low
U_0480,retiree,72,1975.61,6,185.46,0.33,1,0,163,0,Low
U_0481,retiree,61,2539.59,15,78.31,0.17,0,0,51,0,Low
U_0482,retiree,84,1346.11,12,136.29,0.21,0,0,189,0,Low
U_0483,retiree,79,897.45,7,196.89,0.46,1,0,216,0,Low
U_0484,retiree,70,2924.58,7,91.79,0.38,0,0,49,0,Low
U_0485,retiree,68,1288.4,8,151.9,0.21,0,0,138,0,Low
U_0486,retiree,71,1660.5,4,156.75,0.01,0,0,112,0,Low
U_0487,retiree,60,1862.1,5,66.13,0.01,0,0,53,0,Low
U_0488,retiree,83,1111.69,3,69.26,0.17,1,0,224,0,Low
U_0489,retiree,66,1946.45,7,76.18,0.34,0,0,136,0,Low
U_0490,retiree,83,2332.88,8,70.59,0.35,1,0,35,0,Low
U_0491,retiree,85,2363.71,7,14.29,0.09,1,0,189,0,Low
U_0492,retiree,63,2289.71,4,41.23,0.2,0,0,156,0,Low
U_0493,retiree,65,2014.2,11,72.89,0.41,1,0,142,0,Low
U_0494,retiree,67,2555.06,11,129.65,0.27,0,0,187,0,Low
U_0495,retiree,81,1750.7,9,15.55,0.17,0,0,139,0,Low
U_0496,retiree,78,1745.02,8,10.85,0.41,0,0,76,0,Low
U_0497,retiree,68,2455.12,10,163.66,0.18,0,0,171,0,Low
U_0498,retiree,63,2558.91,5,112.01,0.3,1,0,107,0,Low
U_0499,retiree,66,1806.61,3,59.85,0.24,1,0,159,0,Low
U_0500,retiree,80,1489.49,7,83.84,0.22,1,0,174,0,Low
U_0501,contractor,28,3087.55,16,341.3,0.48,1,0,89,2,Low
U_0502,contractor,50,2784.67,19,253.5,0.12,0,0,89,0,Low
U_0503,contractor,35,1707.17,30,136.04,0.31,1,0,50,2,Low
U_0504,contractor,29,4064.95,21,178.93,0.21,1,0,76,1,Low
U_0505,contractor,38,2114.52,29,261.49,0.76,1,0,74,0,Moderate
U_0506,contractor,40,2733.01,33,91.1,0.24,3,0,82,0,Low
U_0507,contractor,52,3154.24,18,23.64,0.29,1,0,27,1,Low
U_0508,contractor,55,4369.49,26,268.17,0.12,3,0,90,1,Low
U_0509,contractor,38,5260.85,26,188.66,0.79,1,0,13,2,Moderate
U_0510,contractor,25,5775.29,22,103.8,0.18,0,0,38,0,Low
U_0511,contractor,42,2732.02,26,316.68,0.4,3,0,73,2,Moderate
U_0512,contractor,28,4436.28,28,121.8,0.1,2,0,72,0,Low
U_0513,contractor,49,5313.88,28,227.61,0.85,4,0,16,2,Moderate
U_0514,contractor,51,4922.03,27,114.06,0.48,0,0,60,1,Low
U_0515,contractor,36,6173.2,31,53.05,0.02,0,0,33,0,Low
U_0516,contractor,50,5425.68,17,281.87,0.11,3,0,24,2,Low
U_0517,contractor,29,5709.1,27,329.14,0.39,0,0,75,1,Low
U_0518,contractor,42,2686.51,22,224.73,0.23,2,0,93,1,Low
U_0519,contractor,34,4436.41,23,381.91,0.39,0,0,20,1,Low
U_0520,contractor,54,1355.72,23,125.38,0.16,1,0,92,0,Low
U_0521,contractor,32,1877.46,28,142.4,0.15,1,0,89,1,Low
U_0522,contractor,40,1853.03,24,260.31,0.17,3,0,51,1,Low
U_0523,contractor,27,4801.77,23,354.45,0.22,0,0,54,2,Low
U_0524,contractor,48,2669.35,23,375.81,0.29,7,1,61,1,Moderate
U_0525,contractor,35,4491.73,27,350.18,0.39,0,0,96,1,Low
U_0526,contractor,45,4984.86,19,156.12,0.58,0,0,71,1,Low
U_0527,contractor,31,6808.77,18,333.44,0.59,3,0,37,1,Moderate
U_0528,contractor,51,2701.56,26,227.98,0.61,1,0,75,1,Low
U_0529,contractor,50,3062.44,26,279.37,0.43,0,0,8,0,Low
U_0530,contractor,45,5703.34,150,97.32,0.48,5,0,23,1,Moderate
U_0531,contractor,39,1004.06,29,384.05,0.29,1,0,91,0,Low
U_0532,contractor,53,4899.98,30,80.41,0.12,2,0,14,2,Low
U_0533,contractor,36,2502.34,24,161.3,0.14,1,0,9,1,Low
U_0534,contractor,45,2833.06,17,285.79,0.35,1,0,57,2,Low
U_0535,contractor,27,5222.19,23,20.41,0.13,3,0,12,0,Low
U_0536,contractor,43,2357.15,24,278.39,0.35,0,0,4,2,Low
U_0537,contractor,35,5902.65,150,197.75,0.32,5,0,91,0,Moderate
U_0538,contractor,40,1424.97,24,165.57,0.52,0,0,16,1,Low
U_0539,contractor,36,6285.93,26,72.11,0.22,1,0,85,2,Low
U_0540,contractor,29,1410.47,21,234.05,0.5,1,0,59,1,Low
U_0541,contractor,48,2278.33,20,304.34,0.21,3,0,81,2,Low
U_0542,contractor,39,6159.78,23,52.94,0.02,0,0,20,0,Low
U_0543,contractor,43,5380.05,26,153.58,0.22,3,0,43,0,Low
U_0544,contractor,32,2661.81,17,52.01,0.14,2,0,91,0,Low
U_0545,contractor,52,6082.42,22,352.81,0.57,1,0,69,2,Moderate
U_0546,contractor,41,2131.88,36,168.87,0.37,0,0,33,1,Low
U_0547,contractor,37,1676.46,28,209.84,0.65,0,0,70,0,Low
U_0548,contractor,36,6603.55,22,70.15,0.21,3,0,49,2,Low
U_0549,contractor,46,2036.62,22,198.99,0.28,0,0,5,2,Low
U_0550,contractor,27,1082.76,25,101.98,0.53,0,0,53,2,Low
U_0551,contractor,34,4771.42,21,210.4,0.12,3,0,57,2,Low
U_0552,contractor,37,1494.57,24,223.89,0.39,1,0,38,0,Low
U_0553,contractor,34,1474.13,28,369.95,0.61,1,0,71,1,Low
U_0554,contractor,37,4518.62,28,310.03,0.3,0,0,42,2,Low
U_0555,contractor,38,5379.75,24,341.66,0.18,0,0,34,0,Low
U_0556,contractor,54,3606.9,26,192.28,0.21,0,0,42,2,Low
U_0557,contractor,48,4948.31,21,86.75,0.14,0,0,93,0,Low
U_0558,contractor,47,1068.1,25,208.64,0.23,2,0,69,2,Low
U_0559,contractor,50,5935.04,22,118.51,0.05,2,0,19,2,Low
U_0560,contractor,49,6240.76,19,298.52,0.4,0,1,6,3,Moderate
U_0561,contractor,50,3575.95,25,219.06,0.47,2,0,94,2,Moderate
U_0562,contractor,45,1462.42,30,192.98,0.28,2,0,10,1,Low
U_0563,contractor,52,4401.32,21,159.72,0.34,2,0,16,2,Low
U_0564,contractor,46,5336.67,24,106.79,0.46,0,0,8,2,Low
U_0565,contractor,32,1275.89,23,158.31,0.18,1,0,25,0,Low
U_0566,contractor,42,5818.69,34,291.33,0.46,3,0,31,1,Low
U_0567,contractor,32,3497.54,27,293.71,0.35,2,0,12,2,Low
U_0568,contractor,36,1716.41,21,275.86,0.25,0,0,25,0,Low
U_0569,contractor,50,4094.64,25,37.45,0.16,3,0,11,1,Low
U_0570,contractor,52,2693.84,24,341.04,0.33,2,0,14,2,Low
U_0571,contractor,39,1047.82,29,96.26,0.3,2,0,82,0,Low
U_0572,contractor,39,3209.64,28,389.31,0.32,1,0,96,2,Low
U_0573,contractor,49,5775.84,24,77.22,0.1,3,0,6,0,Low
U_0574,contractor,42,3078.54,20,339.04,0.05,0,0,45,0,Low
U_0575,contractor,49,4943.82,31,342.62,0.3,2,0,16,0,Low
U_0576,contractor,41,6898.69,25,179.53,0.07,0,0,21,2,Low
U_0577,contractor,33,1558.16,22,370.08,0.22,3,0,92,1,Low
U_0578,contractor,39,6847.33,35,52.26,0.17,0,0,67,0,Low
U_0579,contractor,45,5919.78,18,48.44,0.28,0,0,58,2,Low
U_0580,contractor,55,1784.25,36,130.84,0.57,2,0,53,2,Moderate
U_0581,contractor,51,5412.12,28,140.86,0.17,2,0,32,0,Low
U_0582,contractor,55,2216.28,23,316.38,0.69,0,0,22,0,Low
U_0583,contractor,30,3697.4,25,139.33,0.26,0,0,71,1,Low
U_0584,contractor,55,5622.02,28,191.73,0.29,3,0,36,0,Low
U_0585,contractor,27,1945.69,24,280.7,0.35,0,0,30,1,Low
U_0586,contractor,29,1547.28,21,114.32,0.21,2,0,53,2,Low
U_0587,contractor,26,5063.1,19,118.86,0.16,1,0,6,1,Low
U_0588,contractor,52,3713.21,23,304.27,0.3,1,0,15,1,Low
U_0589,contractor,28,5823.38,21,73.12,0.63,0,0,10,0,Low
U_0590,contractor,29,2188.8,30,172.22,0.64,0,0,77,2,Moderate
U_0591,contractor,33,6504.57,21,48.5,0.44,0,0,28,2,Low
U_0592,contractor,39,5855.79,24,54.95,0.12,2,0,18,0,Low
U_0593,contractor,55,3765.97,33,83.84,0.19,3,0,95,1,Low
U_0594,contractor,40,1176.89,24,279.62,0.35,1,0,48,0,Low
U_0595,contractor,54,2122.91,28,126.34,0.08,1,0,7,2,Low
U_0596,contractor,44,4701.86,23,265.97,0.13,3,0,55,2,Low
U_0597,contractor,40,1365.87,29,126.31,0.24,1,0,56,0,Low
U_0598,contractor,45,6307.92,21,219.81,0.28,0,0,51,2,Low
U_0599,contractor,36,3878.11,16,316.95,0.2,2,0,75,2,Low
U_0600,contractor,35,3330.29,25,88.33,0.4,2,1,79,3,Moderate
U_0601,gig_worker,20,3624.75,51,119.0,0.37,0,0,61,2,Low
U_0602,gig_worker,31,3160.63,72,149.94,0.58,1,0,13,0,Moderate
U_0603,gig_worker,41,1268.15,54,84.72,0.27,0,0,29,2,Low
U_0604,gig_worker,47,3937.59,72,64.38,0.52,1,0,23,0,Moderate
U_0605,gig_worker,38,1544.82,57,113.33,0.81,4,0,4,2,Moderate
U_0606,gig_worker,42,1666.06,55,89.47,0.22,1,0,25,1,Low
U_0607,gig_worker,37,1512.59,61,78.66,0.66,0,0,8,0,Moderate
U_0608,gig_worker,39,1187.71,57,83.7,0.34,0,0,43,2,Low
U_0609,gig_worker,26,3303.2,66,57.71,0.27,1,0,42,0,Low
U_0610,gig_worker,20,931.76,63,108.66,0.3,1,0,15,2,Moderate
U_0611,gig_worker,47,1713.6,45,20.15,0.73,3,0,13,1,Moderate
U_0612,gig_worker,29,1561.37,62,146.62,0.63,3,0,63,2,Moderate
U_0613,gig_worker,30,1027.13,55,145.62,0.51,4,0,46,0,Moderate
U_0614,gig_worker,41,2520.22,53,34.55,0.65,2,0,38,0,Moderate
U_0615,gig_worker,25,3023.79,56,142.83,0.62,4,0,51,2,Moderate
U_0616,gig_worker,21,1055.49,51,54.55,0.33,4,0,29,2,Moderate
U_0617,gig_worker,38,774.8,74,79.47,0.34,2,0,10,0,Low
U_0618,gig_worker,31,3936.57,71,33.5,0.35,0,0,43,1,Low
U_0619,gig_worker,20,1354.76,56,44.94,0.31,0,0,45,1,Low
U_0620,gig_worker,45,788.92,62,10.18,0.43,3,0,57,2,Moderate
U_0621,gig_worker,33,3888.77,58,133.84,0.22,3,0,49,1,Low
U_0622,gig_worker,37,1751.25,72,126.03,0.23,4,0,29,0,Low
U_0623,gig_worker,34,665.35,57,128.41,0.38,2,0,3,1,Moderate
U_0624,gig_worker,28,3825.98,69,20.39,0.48,1,0,49,0,Moderate
U_0625,gig_worker,43,670.01,66,141.86,0.21,0,0,44,2,Low
U_0626,gig_worker,39,3615.61,53,108.63,0.24,3,0,22,2,Moderate
U_0627,gig_worker,48,1963.12,58,17.5,0.32,10,1,27,0,Moderate
U_0628,gig_worker,33,2909.91,59,111.09,0.99,4,1,34,4,High
U_0629,gig_worker,29,1470.64,51,23.43,0.54,3,0,71,1,Moderate
U_0630,gig_worker,24,596.22,62,10.53,0.31,0,0,38,2,Low
U_0631,gig_worker,40,2560.78,56,37.95,0.1,0,0,27,0,Low
U_0632,gig_worker,40,1450.52,56,21.47,0.45,0,0,40,1,Low
U_0633,gig_worker,35,2160.75,58,102.55,0.28,0,0,70,1,Low
U_0634,gig_worker,25,1735.67,53,63.4,0.77,1,0,58,0,Moderate
U_0635,gig_worker,28,1983.07,58,46.88,0.45,2,0,8,0,Low
U_0636,gig_worker,44,2907.3,49,23.54,0.58,2,0,70,1,Moderate
U_0637,gig_worker,44,2523.02,57,87.5,0.42,3,0,67,1,Moderate
U_0638,gig_worker,50,2327.85,64,131.37,0.17,3,0,31,1,Low
U_0639,gig_worker,29,684.24,60,136.39,0.29,0,0,65,2,Low
U_0640,gig_worker,48,2260.54,64,90.01,0.73,4,0,19,0,Moderate
U_0641,gig_worker,50,3125.88,74,34.2,0.69,1,0,28,0,Moderate
U_0642,gig_worker,24,553.63,56,20.97,0.46,3,0,26,2,Moderate
U_0643,gig_worker,24,3402.79,60,46.1,0.64,0,0,12,1,Moderate
U_0644,gig_worker,37,1830.48,49,55.66,0.39,2,0,67,1,Low
U_0645,gig_worker,49,3544.48,45,120.12,0.61,4,0,67,1,Moderate
U_0646,gig_worker,23,1891.99,62,30.75,0.37,4,0,13,0,Moderate
U_0647,gig_worker,38,3206.36,48,120.0,0.35,4,0,45,1,Moderate
U_0648,gig_worker,28,1778.96,63,77.98,0.65,4,0,61,0,Moderate
U_0649,gig_worker,25,1391.49,74,30.14,0.55,4,0,52,0,Moderate
U_0650,gig_worker,32,3602.47,54,56.41,0.79,4,0,7,2,Moderate
U_0651,gig_worker,35,3715.01,57,135.58,0.53,0,0,44,1,Moderate
U_0652,gig_worker,29,1409.25,50,78.83,0.21,0,0,30,0,Low
U_0653,gig_worker,29,3907.19,72,72.04,0.46,2,0,35,2,Moderate
U_0654,gig_worker,33,2577.92,66,22.5,0.35,3,0,28,1,Moderate
U_0655,gig_worker,43,2144.06,53,82.31,0.44,2,0,8,2,Moderate
U_0656,gig_worker,45,972.3,50,53.56,0.22,4,0,52,0,Low
U_0657,gig_worker,44,3464.66,47,133.11,0.31,0,0,23,0,Low
U_0658,gig_worker,48,3398.55,75,127.18,0.39,1,0,5,1,Moderate
U_0659,gig_worker,21,3704.91,55,108.65,0.47,2,0,48,1,Moderate
U_0660,gig_worker,36,1828.99,67,139.23,0.48,0,0,31,1,Moderate
U_0661,gig_worker,35,2538.56,57,34.86,0.59,3,0,71,1,Moderate
U_0662,gig_worker,31,988.65,53,135.23,0.93,4,0,37,0,Moderate
U_0663,gig_worker,32,578.74,66,129.53,0.44,1,0,29,2,Moderate
U_0664,gig_worker,27,2839.7,57,47.67,0.53,3,0,66,0,Moderate
U_0665,gig_worker,47,3209.09,248,58.73,0.72,5,0,61,0,High
U_0666,gig_worker,40,1023.52,64,122.12,0.45,1,0,33,2,Moderate
U_0667,gig_worker,45,3794.82,72,109.78,0.55,2,0,55,1,Moderate
U_0668,gig_worker,47,1655.35,59,45.28,0.31,3,0,39,2,Moderate
U_0669,gig_worker,36,3367.52,70,65.6,0.31,0,0,1,2,Moderate
U_0670,gig_worker,41,3879.35,60,127.51,0.59,4,0,37,1,Moderate
U_0671,gig_worker,41,789.18,50,18.94,0.25,2,0,42,1,Low
U_0672,gig_worker,28,2762.03,56,143.31,0.23,2,0,25,0,Low
U_0673,gig_worker,36,3155.71,43,135.96,0.19,4,0,52,2,Low
U_0674,gig_worker,30,2850.72,50,110.98,0.11,3,0,38,1,Low
U_0675,gig_worker,49,1906.84,71,64.36,0.06,0,0,25,1,Low
U_0676,gig_worker,43,2968.13,71,106.08,0.42,3,0,46,2,Moderate
U_0677,gig_worker,29,3443.51,59,127.69,0.14,4,0,24,1,Low
U_0678,gig_worker,23,2094.81,62,113.73,0.56,4,0,24,2,Moderate
U_0679,gig_worker,48,1608.28,56,22.5,0.35,2,0,29,2,Moderate
U_0680,gig_worker,47,1505.51,77,120.33,0.37,2,0,48,1,Moderate
U_0681,gig_worker,38,1458.58,64,129.17,0.43,3,0,7,2,Moderate
U_0682,gig_worker,38,2489.13,60,96.89,0.68,3,0,25,2,Moderate
U_0683,gig_worker,23,3522.99,57,63.43,0.52,2,0,53,0,Moderate
U_0684,gig_worker,47,3475.26,67,29.23,0.32,1,0,44,1,Low
U_0685,gig_worker,38,3614.24,54,148.13,0.16,1,0,41,2,Low
U_0686,gig_worker,25,3204.19,60,78.26,0.37,1,0,41,2,Moderate
U_0687,gig_worker,21,416.97,61,48.29,0.56,1,0,21,1,Moderate
U_0688,gig_worker,45,3148.85,59,22.33,0.3,4,0,56,2,Moderate
U_0689,gig_worker,33,1852.22,54,145.15,0.19,3,0,1,0,Low
U_0690,gig_worker,37,1117.89,55,62.23,0.32,0,0,42,2,Low
U_0691,gig_worker,26,464.5,56,10.58,0.16,1,0,29,2,Low
U_0692,gig_worker,48,1639.66,62,28.05,0.24,3,0,65,2,Moderate
U_0693,gig_worker,29,1001.27,53,125.34,0.34,2,0,38,1,Low
U_0694,gig_worker,43,2273.04,46,83.38,0.49,3,0,18,1,Moderate
U_0695,gig_worker,48,2164.64,55,115.02,0.51,1,0,52,0,Low
U_0696,gig_worker,27,1207.56,57,147.88,0.47,1,0,3,2,Moderate
U_0697,gig_worker,36,1008.35,69,61.32,0.33,0,0,49,2,Moderate
U_0698,gig_worker,28,3176.5,56,97.24,0.29,4,0,7,2,Moderate
U_0699,gig_worker,23,2752.84,59,12.76,0.23,0,0,54,1,Low
U_0700,gig_worker,32,844.94,51,45.38,0.65,1,0,27,2,Moderate
U_0701,self_employed,28,5565.07,82,804.15,0.08,5,0,139,2,Moderate
U_0702,self_employed,36,7154.15,72,1081.39,0.71,4,0,190,4,Moderate
U_0703,self_employed,35,5316.54,73,948.17,0.21,3,0,56,4,Moderate
U_0704,self_employed,40,12002.45,89,1002.85,0.31,1,0,97,3,Moderate
U_0705,self_employed,46,3665.04,84,671.32,0.45,1,0,182,3,Moderate
U_0706,self_employed,49,4665.82,78,44.92,0.27,0,0,238,0,Low
U_0707,self_employed,59,3513.45,70,135.4,0.53,4,1,25,2,Moderate
U_0708,self_employed,44,10198.55,67,564.4,0.5,2,0,73,3,Moderate
U_0709,self_employed,31,2847.42,67,234.4,0.9299999999999999,0,1,224,4,High
U_0710,self_employed,51,12321.55,99,395.87,0.36,5,0,35,0,Moderate
U_0711,self_employed,30,1630.58,74,191.92,0.4,5,0,49,2,Moderate
U_0712,self_employed,50,13576.12,85,1147.45,0.21,2,0,230,0,Low
U_0713,self_employed,51,12502.02,95,243.96,0.45,10,1,108,3,High
U_0714,self_employed,45,12782.06,79,837.19,0.22,3,0,210,3,Moderate
U_0715,self_employed,38,3026.26,75,844.52,0.38,0,0,222,1,Moderate
U_0716,self_employed,34,7116.37,76,721.18,0.59,4,0,179,3,Moderate
U_0717,self_employed,39,9752.86,68,941.62,0.4,4,0,13,1,Moderate
U_0718,self_employed,58,13925.37,79,162.14,0.3,3,0,118,0,Moderate
U_0719,self_employed,32,5031.77,78,397.66,0.43,5,0,228,4,Moderate
U_0720,self_employed,42,14701.59,89,813.72,0.13,2,0,138,4,Moderate
U_0721,self_employed,34,7343.45,81,880.18,0.77,3,0,94,3,Moderate
U_0722,self_employed,37,12826.95,71,683.26,0.43,4,0,19,0,Moderate
U_0723,self_employed,38,8325.16,75,579.07,0.2,3,0,228,1,Moderate
U_0724,self_employed,32,11644.31,87,405.14,0.89,4,0,77,0,Moderate
U_0725,self_employed,60,4506.54,85,782.68,0.91,4,0,215,1,Moderate
U_0726,self_employed,33,7697.78,89,967.48,0.37,3,0,28,3,Moderate
U_0727,self_employed,56,5766.83,91,1177.38,0.52,5,0,173,0,Moderate
U_0728,self_employed,34,6946.44,82,71.92,0.45,4,0,6,0,Moderate
U_0729,self_employed,47,13516.5,95,687.93,0.56,5,1,177,3,High
U_0730,self_employed,49,6405.12,69,93.5,0.6,1,0,222,2,Moderate
U_0731,self_employed,49,9062.04,87,755.12,0.2,3,0,189,2,Moderate
U_0732,self_employed,56,3039.32,74,918.4,0.33,1,0,6,2,Moderate
U_0733,self_employed,50,12703.43,93,1158.39,0.36,2,0,146,4,Moderate
U_0734,self_employed,51,10978.3,85,83.56,0.56,1,0,132,1,Moderate
U_0735,self_employed,54,2943.98,67,744.7,0.53,1,0,36,3,Moderate
U_0736,self_employed,41,7670.12,89,944.26,0.55,5,1,92,4,High
U_0737,self_employed,54,2127.75,83,770.89,0.33,5,0,156,0,Moderate
U_0738,self_employed,56,7674.74,70,719.5,0.55,4,0,40,3,Moderate
U_0739,self_employed,28,8659.92,67,86.83,0.33,3,0,220,4,Moderate
U_0740,self_employed,58,13979.01,312,471.94,0.14,5,0,183,4,High
U_0741,self_employed,39,11361.68,73,180.21,0.33,3,0,174,4,Moderate
U_0742,self_employed,48,8305.49,73,480.06,0.32,4,0,240,1,Moderate
U_0743,self_employed,45,6871.24,89,431.14,0.06,2,0,121,1,Low
U_0744,self_employed,36,7072.06,74,849.02,0.38,5,0,137,2,Moderate
U_0745,self_employed,48,11110.3,95,1124.55,0.5700000000000001,5,1,61,4,High
U_0746,self_employed,41,9926.26,70,369.98,0.41,2,0,178,1,Moderate
U_0747,self_employed,39,8302.56,65,842.35,0.37,2,0,187,0,Low
U_0748,self_employed,50,9090.78,74,711.88,0.89,5,0,187,3,High
U_0749,self_employed,46,13345.94,79,524.19,0.19,0,0,139,0,Low
U_0750,self_employed,29,6641.75,63,92.09,0.41,0,0,57,2,Moderate
U_0751,self_employed,38,14777.69,312,414.79,0.51,5,0,220,0,High
U_0752,self_employed,46,4254.01,83,663.17,0.34,2,0,214,3,Moderate
U_0753,self_employed,34,9817.47,80,820.37,0.22,4,0,227,1,Moderate
U_0754,self_employed,52,4707.54,82,947.64,0.34,5,0,79,0,Moderate
U_0755,self_employed,52,6731.99,78,1149.34,0.59,5,0,86,4,Moderate
U_0756,self_employed,31,1675.03,73,324.07,0.2,4,0,228,3,Moderate
U_0757,self_employed,42,13805.07,84,854.42,0.14,5,0,100,4,Moderate
U_0758,self_employed,40,11977.98,80,1158.22,0.71,2,0,120,1,Moderate
U_0759,self_employed,32,4024.18,71,233.34,0.46,4,0,36,3,Moderate
U_0760,self_employed,30,7284.86,81,681.22,0.18,1,0,47,4,Moderate
U_0761,self_employed,44,1576.21,83,575.61,0.19,1,0,16,1,Low
U_0762,self_employed,48,9557.88,96,935.18,0.69,5,0,163,2,Moderate
U_0763,self_employed,59,12163.76,70,673.69,0.42,0,0,206,2,Moderate
U_0764,self_employed,42,14419.33,83,639.11,0.71,4,0,46,3,Moderate
U_0765,self_employed,53,2741.26,77,288.8,0.33,1,0,175,2,Moderate
U_0766,self_employed,49,6370.77,78,285.58,0.45,4,0,141,3,Moderate
U_0767,self_employed,28,3048.75,85,434.83,0.13,1,0,237,4,Moderate
U_0768,self_employed,43,14445.11,75,828.59,0.35,2,0,103,0,Low
U_0769,self_employed,52,4963.97,77,877.05,0.52,0,0,239,4,Moderate
U_0770,self_employed,51,8443.17,60,625.22,0.26,3,0,17,2,Moderate
U_0771,self_employed,40,5824.22,103,126.34,0.55,0,0,48,4,Moderate
U_0772,self_employed,28,9963.6,84,276.61,0.71,5,0,204,1,Moderate
U_0773,self_employed,55,12781.48,64,270.53,0.71,5,0,230,3,Moderate
U_0774,self_employed,32,11583.03,84,209.89,0.79,3,0,189,2,Moderate
U_0775,self_employed,30,2681.53,80,93.49,0.34,2,0,148,0,Moderate
U_0776,self_employed,42,13798.32,79,506.93,0.12,3,0,167,3,Moderate
U_0777,self_employed,55,5771.46,78,485.72,0.61,0,0,142,0,Moderate
U_0778,self_employed,32,11705.47,86,715.16,0.19,5,0,223,0,Moderate
U_0779,self_employed,50,14028.64,84,154.18,0.25,5,0,83,4,Moderate
U_0780,self_employed,33,5300.49,78,1114.23,0.62,3,0,107,0,Moderate
U_0781,self_employed,58,3610.37,80,287.24,0.3,5,0,106,4,Moderate
U_0782,self_employed,46,14461.81,79,198.57,0.37,5,0,233,2,Moderate
U_0783,self_employed,28,8972.58,80,679.43,0.59,0,0,16,0,Moderate
U_0784,self_employed,53,8751.55,67,1137.97,0.75,2,0,59,2,Moderate
U_0785,self_employed,41,7070.84,75,785.74,0.12,4,0,42,1,Moderate
U_0786,self_employed,39,4480.64,79,1006.66,0.78,1,0,35,1,Moderate
U_0787,self_employed,31,12993.73,87,1120.87,0.54,4,1,124,4,High
U_0788,self_employed,32,5423.81,76,108.81,0.9,4,0,56,4,High
U_0789,self_employed,59,14345.79,76,447.85,0.46,5,0,173,1,Moderate
U_0790,self_employed,34,5349.35,96,111.68,0.09,1,0,87,3,Moderate
U_0791,self_employed,56,5932.67,73,801.52,0.59,5,0,155,1,Moderate
U_0792,self_employed,51,12403.95,69,1151.63,0.59,1,0,7,2,Moderate
U_0793,self_employed,43,12106.41,78,863.27,0.7,5,0,117,2,Moderate
U_0794,self_employed,51,3313.13,67,887.58,0.61,3,0,124,3,Moderate
U_0795,self_employed,50,11959.35,83,599.76,0.22,0,0,50,4,Moderate
U_0796,self_employed,33,12864.21,71,1034.69,0.51,1,0,234,4,Moderate
U_0797,self_employed,40,5053.67,69,1067.01,0.69,0,0,192,0,Moderate
U_0798,self_employed,29,12969.43,78,769.0,0.93,4,0,154,3,High
U_0799,self_employed,41,13735.1,80,675.36,0.48,4,0,234,4,Moderate
U_0800,self_employed,58,10327.76,82,203.9,0.23,3,0,63,4,Moderate
U_0801,unemployed,64,1285.75,7,31.11,0.25,0,0,26,1,Low
U_0802,unemployed,50,15.89,14,51.58,0.4,1,0,49,2,Low
U_0803,unemployed,26,669.33,14,39.93,0.42,1,0,48,2,Low
U_0804,unemployed,48,1408.76,9,12.88,0.3,3,0,15,0,Low
U_0805,unemployed,34,554.15,11,13.35,0.2,1,0,34,1,Low
U_0806,unemployed,42,704.51,11,93.66,0.43,0,0,3,2,Low
U_0807,unemployed,38,154.84,7,193.85,0.24,2,0,54,2,Low
U_0808,unemployed,34,867.95,12,116.18,0.04,3,0,42,1,Low
U_0809,unemployed,41,881.52,18,180.15,0.33,0,0,34,1,Low
U_0810,unemployed,42,1459.01,8,48.47,0.4,3,0,23,1,Low
U_0811,unemployed,49,1188.99,150,89.0,0.07,5,0,33,0,Moderate
U_0812,unemployed,46,248.41,16,20.03,0.42,2,0,14,0,Low
U_0813,unemployed,29,236.04,16,122.39,0.32,0,0,43,0,Low
U_0814,unemployed,44,1216.76,13,145.45,0.12,3,0,44,1,Low
U_0815,unemployed,48,316.06,16,36.44,0.29,3,0,2,0,Low
U_0816,unemployed,20,191.83,17,120.51,0.84,4,0,41,2,Moderate
U_0817,unemployed,20,1336.2,20,33.64,0.27,1,0,17,0,Low
U_0818,unemployed,51,1437.36,14,121.87,0.48,0,0,57,2,Low
U_0819,unemployed,64,992.62,11,60.27,0.01,0,0,14,1,Low
U_0820,unemployed,56,1489.16,10,174.12,0.04,1,0,15,1,Low
U_0821,unemployed,56,214.07,14,118.62,0.13,1,0,40,2,Low
U_0822,unemployed,50,396.78,12,146.22,0.3,2,0,60,1,Low
U_0823,unemployed,56,885.89,12,49.81,0.03,3,0,9,0,Low
U_0824,unemployed,19,303.52,12,172.62,0.23,3,0,53,0,Low
U_0825,unemployed,56,144.45,11,97.79,0.45,0,0,57,2,Low
U_0826,unemployed,50,1128.57,12,23.17,0.36,1,0,58,2,Low
U_0827,unemployed,52,1241.28,9,179.91,0.53,3,0,34,1,Low
U_0828,unemployed,41,1312.24,12,141.04,0.37,3,0,15,1,Low
U_0829,unemployed,42,525.78,9,161.9,0.22,0,0,28,0,Low
U_0830,unemployed,34,715.71,12,50.34,0.51,0,0,19,2,Low
U_0831,unemployed,52,612.97,6,41.86,0.41,0,0,37,2,Low
U_0832,unemployed,25,779.64,11,78.13,0.06,1,0,45,1,Low
U_0833,unemployed,44,543.4,10,35.18,0.23,2,0,17,2,Low
U_0834,unemployed,45,847.01,8,124.32,0.2,3,0,49,0,Low
U_0835,unemployed,44,828.16,5,113.72,0.38,1,0,24,2,Low
U_0836,unemployed,53,725.64,17,197.76,0.25,2,0,50,2,Low
U_0837,unemployed,43,1103.67,7,171.72,0.55,0,0,48,0,Low
U_0838,unemployed,46,1174.66,11,190.1,0.17,0,0,14,2,Low
U_0839,unemployed,43,1179.12,9,161.17,0.08,0,0,11,1,Low
U_0840,unemployed,58,7.94,12,22.76,0.14,1,0,31,2,Low
U_0841,unemployed,45,132.21,12,56.3,0.42,2,0,6,2,Low
U_0842,unemployed,20,1086.74,13,186.48,0.1,3,0,40,2,Low
U_0843,unemployed,51,429.7,11,192.89,0.34,0,0,50,0,Low
U_0844,unemployed,58,741.55,21,7.09,0.08,2,0,13,0,Low
U_0845,unemployed,56,765.82,12,141.2,0.3,1,0,44,0,Low
U_0846,unemployed,41,358.88,16,5.06,0.31,1,0,6,1,Low
U_0847,unemployed,43,529.69,12,82.05,0.38,1,0,34,0,Low
U_0848,unemployed,65,1055.43,15,184.24,0.22,9,1,47,2,Moderate
U_0849,unemployed,55,522.14,18,192.84,0.34,2,0,15,2,Low
U_0850,unemployed,30,682.14,12,83.77,0.57,0,0,17,2,Low
U_0851,unemployed,44,759.36,13,113.93,0.14,2,0,22,0,Low
U_0852,unemployed,50,1435.06,13,175.84,0.24,2,0,45,1,Low
U_0853,unemployed,42,844.75,9,155.14,0.62,2,0,50,1,Low
U_0854,unemployed,61,691.08,14,119.43,0.19,0,0,31,0,Low
U_0855,unemployed,34,101.33,6,128.56,0.27,1,0,44,2,Low
U_0856,unemployed,32,1200.24,19,85.42,0.37,2,0,34,2,Low
U_0857,unemployed,18,1051.23,4,56.35,0.14,2,0,6,1,Low
U_0858,unemployed,61,1123.18,16,71.69,0.2,1,0,31,1,Low
U_0859,unemployed,40,327.85,13,116.87,0.04,1,0,48,2,Low
U_0860,unemployed,30,748.5,7,43.93,0.37,1,0,56,1,Low
U_0861,unemployed,31,343.81,15,167.81,0.11,2,0,10,0,Low
U_0862,unemployed,25,1380.28,14,136.78,0.53,3,0,40,0,Low
U_0863,unemployed,52,1436.99,14,170.36,0.09,2,0,40,1,Low
U_0864,unemployed,49,1347.18,12,176.79,0.4,2,0,32,0,Low
U_0865,unemployed,50,420.4,11,48.31,0.16,1,0,4,2,Low
U_0866,unemployed,45,717.48,11,110.45,0.25,2,0,26,2,Low
U_0867,unemployed,29,685.79,16,28.47,0.24,3,0,21,2,Low
U_0868,unemployed,18,17.73,10,46.1,0.58,0,0,21,1,Low
U_0869,unemployed,57,1292.76,15,41.49,0.14,2,0,16,1,Low
U_0870,unemployed,48,1437.79,15,71.9,0.24,1,0,32,1,Low
U_0871,unemployed,31,628.64,12,151.68,0.38,2,0,55,1,Low
U_0872,unemployed,35,676.09,10,116.42,0.5,1,0,53,0,Low
U_0873,unemployed,64,404.92,15,50.98,0.5,3,0,55,1,Low
U_0874,unemployed,30,218.77,15,192.03,0.42,1,0,31,0,Low
U_0875,unemployed,29,632.28,12,31.22,0.5,2,0,51,1,Low
U_0876,unemployed,37,376.46,11,172.41,0.09,0,0,26,0,Low
U_0877,unemployed,62,245.01,11,47.02,0.29,2,0,31,2,Low
U_0878,unemployed,24,674.78,15,70.26,0.16,2,0,24,2,Low
U_0879,unemployed,53,1397.77,19,55.25,0.4,0,0,27,0,Low
U_0880,unemployed,40,1301.05,11,192.81,0.04,1,0,37,2,Low
U_0881,unemployed,59,973.7,11,39.04,0.19,2,0,23,1,Low
U_0882,unemployed,61,765.67,10,156.08,0.36,3,0,57,0,Low
U_0883,unemployed,42,920.5,8,95.43,0.53,1,0,56,0,Low
U_0884,unemployed,58,1211.58,5,70.79,0.88,4,0,55,0,Moderate
U_0885,unemployed,23,243.0,16,49.5,0.35,2,0,42,1,Low
U_0886,unemployed,63,401.21,21,130.71,0.06,2,0,57,1,Low
U_0887,unemployed,41,1121.84,9,106.58,0.22,3,0,27,0,Low
U_0888,unemployed,29,1281.32,10,29.38,0.4,1,0,43,1,Low
U_0889,unemployed,65,1051.05,16,20.61,0.43,1,0,26,0,Low
U_0890,unemployed,24,95.69,9,176.34,0.81,4,0,2,1,Moderate
U_0891,unemployed,51,1147.49,18,21.23,0.14,2,0,40,0,Low
U_0892,unemployed,23,982.25,18,177.67,0.14,2,0,15,0,Low
U_0893,unemployed,65,426.26,150,63.58,0.06,5,0,34,0,Moderate
U_0894,unemployed,19,52.73,20,74.58,0.11,2,0,56,1,Low
U_0895,unemployed,47,1462.47,12,110.41,0.05,2,0,36,1,Low
U_0896,unemployed,26,1454.31,8,141.04,0.15,1,0,38,2,Low
U_0897,unemployed,47,946.57,10,128.99,0.23,3,0,34,2,Low
U_0898,unemployed,58,800.68,12,182.24,0.22,3,0,35,0,Low
U_0899,unemployed,23,662.79,15,76.33,0.04,2,0,10,1,Low
U_0900,unemployed,18,0.14,9,164.0,0.17,1,0,23,1,Low
U_0901,executive,60,19307.27,34,3470.07,0.09,1,0,256,1,Low
U_0902,executive,30,24614.99,38,4010.03,0.2,2,0,130,0,Low
U_0903,executive,65,15593.81,34,2117.51,0.28,2,0,235,1,Low
U_0904,executive,45,10755.2,38,3711.88,0.55,7,1,205,0,Moderate
U_0905,executive,46,8821.82,39,3164.08,0.38,2,0,325,1,Low
U_0906,executive,48,21914.51,150,1353.27,0.13,5,0,223,0,Moderate
U_0907,executive,34,11195.37,43,1519.02,0.31,2,0,245,1,Low
U_0908,executive,47,23110.87,150,1255.39,0.89,5,0,21,0,High
U_0909,executive,33,29303.47,47,208.44,0.42,0,0,156,1,Low
U_0910,executive,38,23449.51,41,3662.82,0.76,0,0,58,0,Moderate
U_0911,executive,30,18352.33,47,1775.37,0.19,1,0,267,1,Low
U_0912,executive,59,23029.5,34,255.51,0.01,0,0,86,0,Low
U_0913,executive,47,24840.02,45,449.79,0.34,1,0,104,0,Low
U_0914,executive,46,25796.77,52,4158.44,0.51,0,0,139,1,Low
U_0915,executive,58,12684.73,33,4973.22,0.81,0,0,247,0,Moderate
U_0916,executive,63,22318.18,35,1121.39,0.28,6,1,360,1,Moderate
U_0917,executive,50,10648.06,37,3668.36,0.01,2,0,293,0,Low
U_0918,executive,46,18068.28,188,782.09,0.1,5,0,38,0,Moderate
U_0919,executive,37,12427.21,35,2227.39,0.76,4,0,97,1,Moderate
U_0920,executive,37,16103.59,36,1291.14,0.25,0,0,309,1,Low
U_0921,executive,39,15542.17,37,538.45,0.18,0,0,267,0,Low
U_0922,executive,51,28409.52,42,4985.17,0.02,2,0,42,0,Low
U_0923,executive,52,21825.22,43,3536.51,0.24,0,0,76,1,Low
U_0924,executive,44,14285.01,39,2835.92,0.05,2,0,189,1,Low
U_0925,executive,42,7491.12,46,1951.07,0.73,2,0,80,1,Moderate
U_0926,executive,32,18161.95,52,2243.75,0.51,1,1,289,4,Moderate
U_0927,executive,42,20034.14,52,2763.74,0.21,1,0,251,1,Low
U_0928,executive,65,10687.9,46,2702.57,0.23,1,0,163,1,Low
U_0929,executive,64,15443.59,32,103.53,0.6,2,0,271,2,Moderate
U_0930,executive,41,27307.44,32,3136.7,0.06,1,0,329,0,Low
U_0931,executive,50,23583.08,40,3325.62,0.4,2,0,210,0,Low
U_0932,executive,63,22714.16,41,3852.1,0.16,0,0,325,1,Low
U_0933,executive,50,16425.5,43,1677.92,0.15,0,0,279,0,Low
U_0934,executive,32,26209.45,36,735.89,0.03,0,0,115,0,Low
U_0935,executive,61,11407.18,37,255.9,0.34,2,0,210,1,Low
U_0936,executive,63,21351.32,35,2992.47,0.01,0,0,199,0,Low
U_0937,executive,34,7300.98,49,4613.07,0.24,2,0,263,0,Low
U_0938,executive,59,25423.46,38,397.43,0.2,2,0,224,1,Low
U_0939,executive,33,25943.79,50,1402.5,0.27,0,0,48,1,Low
U_0940,executive,34,28725.88,38,4806.88,0.05,0,0,63,0,Low
U_0941,executive,64,15862.62,36,1046.29,0.49,2,0,139,0,Low
U_0942,executive,65,24231.47,40,2134.4,0.4,0,0,338,2,Low
U_0943,executive,59,23158.66,53,2192.67,0.23,0,0,97,0,Low
U_0944,executive,65,16235.81,52,1753.81,0.39,0,0,285,1,Low
U_0945,executive,52,27757.15,45,2795.4,0.78,1,0,202,1,Moderate
U_0946,executive,57,26001.56,35,1684.91,0.55,0,0,300,0,Low
U_0947,executive,54,24611.29,44,4638.12,0.32,1,0,196,1,Low
U_0948,executive,58,29075.96,44,100.96,0.72,0,0,157,0,Moderate
U_0949,executive,63,10106.97,40,4462.59,0.18,0,0,165,0,Low
U_0950,executive,43,26681.57,30,206.34,0.74,2,0,153,0,Moderate
U_0951,executive,36,7867.93,35,1842.71,0.28,0,0,147,1,Low
U_0952,executive,45,12358.87,42,4074.26,0.12,0,0,304,1,Low
U_0953,executive,43,23888.12,40,3645.54,0.18,1,0,100,1,Low
U_0954,executive,36,20690.32,32,1571.93,0.53,2,0,307,1,Low
U_0955,executive,35,24942.8,40,4617.17,0.43,1,0,190,1,Low
U_0956,executive,56,28395.66,150,345.32,0.17,5,0,346,0,Moderate
U_0957,executive,54,8244.94,35,2669.48,0.03,1,0,288,0,Low
U_0958,executive,50,18555.24,41,1181.91,0.6,0,0,356,1,Moderate
U_0959,executive,58,24315.32,48,2918.75,0.58,0,0,125,1,Moderate
U_0960,executive,48,25086.47,37,825.26,0.74,4,0,54,1,Moderate
U_0961,executive,33,19607.51,31,1386.53,0.79,4,0,268,1,Moderate
U_0962,executive,38,24526.76,43,2456.52,0.05,0,0,261,1,Low
U_0963,executive,42,19906.86,36,4985.69,0.32,2,1,138,3,Moderate
U_0964,executive,34,13123.91,44,2207.32,0.07,2,0,306,0,Low
U_0965,executive,37,22450.19,46,2175.35,0.14,1,0,109,1,Low
U_0966,executive,52,20659.17,40,218.61,0.12,1,0,98,1,Low
U_0967,executive,58,21333.19,39,2258.27,0.1,0,0,114,1,Low
U_0968,executive,39,24427.88,45,4278.54,0.43,0,0,39,0,Low
U_0969,executive,39,26981.3,41,4118.66,0.45,0,0,187,0,Low
U_0970,executive,49,17351.42,44,211.47,0.09,0,0,287,0,Low
U_0971,executive,43,19567.76,33,3776.74,0.15,2,0,259,0,Low
U_0972,executive,31,15661.95,32,4539.6,0.07,2,0,34,1,Low
U_0973,executive,40,8382.53,36,1083.41,0.04,2,0,328,1,Low
U_0974,executive,33,17694.1,39,4731.36,0.25,0,0,210,1,Low
U_0975,executive,53,26878.49,28,193.48,0.02,2,0,209,0,Low
U_0976,executive,54,18696.43,33,3577.48,0.35,1,0,260,0,Low
U_0977,executive,41,11574.13,150,2418.64,0.25,5,0,23,0,Moderate
U_0978,executive,45,28212.21,53,1594.14,0.1,1,0,213,0,Low
U_0979,executive,31,14975.94,39,1824.37,0.36,2,0,166,0,Low
U_0980,executive,62,13345.2,41,403.85,0.36,1,0,210,0,Low
U_0981,executive,65,28829.68,53,1205.36,0.5,1,0,213,0,Low
U_0982,executive,35,23787.46,48,2651.52,0.06,2,0,325,0,Low
U_0983,executive,56,12528.3,41,848.47,0.32,1,0,321,1,Low
U_0984,executive,58,19471.38,42,1113.11,0.01,0,0,309,0,Low
U_0985,executive,38,14106.96,38,3555.17,0.08,2,0,81,1,Low
U_0986,executive,39,22093.33,41,2867.74,0.15,0,0,174,0,Low
U_0987,executive,65,19258.12,39,3625.26,0.01,0,0,174,0,Low
U_0988,executive,31,24605.01,27,4412.65,0.29,1,0,222,1,Low
U_0989,executive,58,24149.02,35,4126.32,0.66,2,0,152,0,Moderate
U_0990,executive,42,9455.74,34,1005.26,0.38,2,0,327,1,Low
U_0991,executive,44,20716.3,42,1231.47,0.13,0,0,195,0,Low
U_0992,executive,60,10083.99,41,4246.08,0.1,1,0,344,1,Low
U_0993,executive,41,26598.98,44,2508.08,0.54,0,0,95,0,Low
U_0994,executive,44,7741.28,37,3846.24,0.35,0,0,150,1,Low
U_0995,executive,44,24074.43,43,4942.39,0.25,0,0,45,0,Low
U_0996,executive,58,26943.97,49,2500.72,0.13,1,0,246,0,Low
U_0997,executive,57,16311.94,32,304.95,0.02,2,0,206,1,Low
U_0998,executive,55,21064.61,44,3738.09,0.17,2,0,286,0,Low
U_0999,executive,63,9514.27,31,2338.81,0.13,0,0,137,1,Low
U_1000,executive,32,19827.12,38,2629.02,0.25,2,0,37,0,Low
