user_id,occupation,age,monthly_income,transaction_count_30d,avg_transaction_amount,location_risk_score,device_change_frequency,previous_fraud_flag,account_age_months,chargeback_count,avg_contact_credit_score,low_risk_contact_ratio,high_risk_contact_ratio,network_stability_ratio,address_change_count_12m,current_address_tenure_months,risk_category
U_0001,student,19,215.01,12,17.38,0.16,0,0,9,0,597.0,0.54,0.29,0.55,2,18,Low
U_0002,student,19,554.3,11,6.43,0.15,0,0,14,0,497.0,0.64,0.21,0.2,2,18,Low
U_0003,student,21,629.61,6,36.56,0.38,1,0,15,0,540.0,0.2,0.5,0.27,1,1,Low
U_0004,student,20,618.88,13,20.31,0.36,0,0,14,0,641.0,0.26,0.45,0.17,1,3,Low
U_0005,student,24,258.03,8,43.14,0.11,1,0,3,0,596.0,0.3,0.31,0.01,2,13,Low
U_0006,student,19,531.22,8,42.32,0.14,1,0,13,0,591.0,0.36,0.51,0.2,0,8,Low
U_0007,student,22,791.13,8,43.49,0.22,0,0,25,0,506.0,0.45,0.48,0.52,2,12,Low
U_0008,student,20,422.11,18,14.43,0.03,1,0,5,0,572.0,0.21,0.36,0.36,1,24,Low
U_0009,student,21,298.04,9,22.08,0.14,0,0,21,0,619.0,0.34,0.18,0.08,2,8,Low
U_0010,student,18,683.03,8,23.05,0.47,0,0,14,2,633.0,0.17,0.37,0.31,2,23,Low
U_0011,student,23,327.58,11,27.47,0.26,1,0,10,0,503.0,0.6,0.2,0.37,1,18,Low
U_0012,student,22,648.21,5,24.28,0.42,1,1,24,3,494.0,0.36,0.16,0.1,3,17,Moderate
U_0013,student,25,254.55,15,7.12,0.24,0,0,10,0,575.0,0.51,0.63,0.13,2,14,Low
U_0014,student,19,430.86,6,31.81,0.19,1,0,34,0,500.0,0.32,0.17,0.34,2,1,Low
U_0015,student,19,609.03,9,29.16,0.12,1,0,22,0,472.0,0.74,0.24,0.13,2,15,Low
U_0016,student,18,772.29,10,44.41,0.02,1,0,33,0,602.0,0.31,0.39,0.25,2,4,Low
U_0017,student,22,705.0,12,27.84,0.36,0,0,10,0,525.0,0.68,0.39,0.07,1,17,Low
U_0018,student,18,559.37,3,26.99,0.04,0,0,24,0,626.0,0.4,0.32,0.2,3,10,Low
U_0019,student,21,234.76,15,44.51,0.02,0,0,6,0,596.0,0.4,0.43,0.4,3,18,Low
U_0020,student,20,277.03,9,26.39,0.1,0,0,17,0,556.0,0.3,0.38,0.24,2,7,Low
U_0021,student,21,627.77,11,22.95,0.22,1,0,29,0,630.0,0.19,0.5,0.23,2,8,Low
U_0022,student,21,238.42,13,5.95,0.13,0,0,15,0,451.0,0.4,0.67,0.12,2,2,Low
U_0023,student,21,240.44,10,6.41,0.16,1,0,5,0,553.0,0.24,0.31,0.3,1,16,Low
U_0024,student,21,523.54,10,37.55,0.55,1,0,16,2,607.0,0.14,0.63,0.17,3,7,Low
U_0025,student,19,258.16,13,24.4,0.54,1,0,27,0,543.0,0.52,0.61,0.48,2,22,Low
U_0026,student,19,236.37,8,37.77,0.33,0,0,16,0,488.0,0.49,0.49,0.54,2,5,Low
U_0027,student,24,310.09,12,25.82,0.26,0,0,29,0,612.0,0.46,0.48,0.36,3,4,Low
U_0028,student,18,591.29,150,14.66,0.02,5,0,6,0,635.0,0.69,0.73,0.22,3,6,Moderate
U_0029,student,24,491.38,10,14.62,0.1,1,0,4,0,483.0,0.31,0.13,0.34,0,13,Low
U_0030,student,22,755.91,15,40.33,0.17,1,0,28,0,589.0,0.56,0.05,0.18,2,18,Low
U_0031,student,25,292.88,10,18.35,0.81,4,0,35,0,462.0,0.54,0.14,0.39,1,2,Moderate
U_0032,student,25,501.71,12,43.37,0.12,0,0,4,0,642.0,0.38,0.59,0.19,0,6,Low
U_0033,student,19,557.02,7,35.38,0.75,4,0,26,0,474.0,0.62,0.73,0.22,3,8,Moderate
U_0034,student,18,571.63,10,23.87,0.05,1,0,17,0,491.0,0.26,0.28,0.42,2,8,Low
U_0035,student,22,437.47,18,35.23,0.15,1,0,30,0,513.0,0.36,0.31,0.15,2,3,Low
U_0036,student,18,474.97,13,49.93,0.26,0,0,5,0,558.0,0.33,0.36,0.57,2,5,Low
U_0037,student,23,728.52,13,44.57,0.31,1,0,19,0,482.0,0.36,0.24,0.34,3,23,Low
U_0038,student,22,567.01,6,49.43,0.06,0,0,36,0,510.0,0.7,0.48,0.46,2,5,Low
U_0039,student,22,269.26,11,9.82,0.07,0,0,18,0,506.0,0.63,0.31,0.28,1,11,Low
U_0040,student,21,612.5,14,43.38,0.16,1,0,17,0,631.0,0.59,0.5,0.12,3,3,Low
U_0041,student,24,697.61,9,6.98,0.07,1,0,9,0,577.0,0.41,0.56,0.62,1,24,Low
U_0042,student,25,531.01,7,24.25,0.21,0,0,8,0,465.0,0.24,0.85,0.12,3,5,Low
U_0043,student,18,700.76,12,31.21,0.36,0,0,28,0,475.0,0.29,0.43,0.14,1,2,Low
U_0044,student,23,326.05,8,16.23,0.31,0,0,23,0,606.0,0.24,0.15,0.02,3,14,Low
U_0045,student,20,755.46,13,15.65,0.13,0,0,12,0,626.0,0.37,0.16,0.24,0,24,Low
U_0046,student,23,669.43,5,23.53,0.37,0,0,18,0,482.0,0.35,0.27,0.43,2,13,Low
U_0047,student,18,715.16,7,15.01,0.14,1,0,23,0,511.0,0.38,0.6,0.19,2,8,Low
U_0048,student,21,214.2,10,13.69,0.09,1,0,18,0,623.0,0.27,0.19,0.32,3,9,Low
U_0049,student,23,584.89,11,22.99,0.26,1,0,2,0,473.0,0.46,0.17,0.2,3,6,Low
U_0050,student,22,222.95,8,31.85,0.22,1,0,21,0,537.0,0.52,0.45,0.61,3,4,Low
U_0051,student,24,739.7,7,13.55,0.14,0,0,28,0,450.0,0.21,0.22,0.22,3,18,Low
U_0052,student,21,418.53,8,8.15,0.16,1,0,21,0,583.0,0.59,0.22,0.25,0,10,Low
U_0053,student,22,600.14,7,19.68,0.14,1,0,36,0,475.0,0.68,0.27,0.32,2,13,Low
U_0054,student,20,569.31,8,18.54,0.19,0,0,20,0,507.0,0.51,0.24,0.17,2,19,Low
U_0055,student,23,478.99,10,24.9,0.09,0,0,33,0,545.0,0.55,0.47,0.4,3,24,Low
U_0056,student,20,595.31,14,17.77,0.15,1,0,6,0,614.0,0.53,0.44,0.19,2,22,Low
U_0057,student,22,334.78,13,13.96,0.15,0,0,3,0,499.0,0.33,0.54,0.16,2,3,Low
U_0058,student,25,448.66,10,33.34,0.2,0,0,25,0,549.0,0.18,0.7,0.33,1,21,Low
U_0059,student,18,735.6,11,43.72,0.47,0,1,28,3,494.0,0.64,0.57,0.27,3,23,Moderate
U_0060,student,25,230.13,11,16.21,0.4,0,0,30,0,477.0,0.64,0.37,0.06,2,17,Low
U_0061,student,23,770.02,8,45.11,0.09,1,0,36,0,539.0,0.59,0.38,0.29,1,16,Low
U_0062,student,25,355.51,9,16.13,0.35,1,0,34,0,547.0,0.5,0.52,0.33,1,15,Low
U_0063,student,19,628.13,10,15.55,0.51,1,0,21,0,629.0,0.38,0.57,0.47,0,5,Low
U_0064,student,21,429.82,7,11.88,0.26,0,0,5,0,533.0,0.2,0.33,0.43,1,15,Low
U_0065,student,24,237.36,8,42.48,0.27,1,0,2,0,621.0,0.46,0.29,0.78,2,13,Low
U_0066,student,25,203.54,150,10.41,0.04,5,0,27,0,558.0,0.36,0.62,0.09,2,20,Moderate
U_0067,student,21,492.94,6,17.28,0.08,1,0,2,0,528.0,0.53,0.42,0.38,2,13,Low
U_0068,student,20,704.3,2,46.38,0.27,0,0,26,0,568.0,0.69,0.71,0.09,2,3,Low
U_0069,student,24,281.42,10,25.78,0.15,0,0,17,0,526.0,0.43,0.77,0.23,1,11,Low
U_0070,student,23,656.74,11,22.06,0.11,1,0,17,0,617.0,0.42,0.38,0.22,2,24,Low
U_0071,student,18,799.94,9,20.75,0.18,0,0,3,0,601.0,0.52,0.6,0.18,3,7,Low
U_0072,student,18,572.8,150,7.87,0.2,5,0,8,0,563.0,0.49,0.34,0.21,1,23,Moderate
U_0073,student,22,660.14,8,12.55,0.06,0,0,11,0,643.0,0.64,0.29,0.22,0,1,Low
U_0074,student,22,545.48,17,45.86,0.18,1,0,26,0,638.0,0.11,0.31,0.14,1,19,Low
U_0075,student,21,261.14,11,39.76,0.06,0,0,3,0,519.0,0.41,0.32,0.11,2,12,Low
U_0076,student,19,503.58,12,20.36,0.44,1,0,32,0,471.0,0.32,0.47,0.35,3,21,Low
U_0077,student,25,624.39,7,24.6,0.17,1,0,35,0,605.0,0.13,0.41,0.26,2,24,Low
U_0078,student,22,393.38,9,16.05,0.04,0,0,18,0,626.0,0.66,0.25,0.27,1,15,Low
U_0079,student,24,401.84,13,27.24,0.19,1,0,12,0,548.0,0.47,0.45,0.6,1,9,Low
U_0080,student,23,367.8,8,31.83,0.14,1,0,36,0,452.0,0.19,0.49,0.39,3,3,Low
U_0081,student,21,632.04,6,26.99,0.06,0,0,31,0,579.0,0.49,0.24,0.38,2,1,Low
U_0082,student,19,376.54,7,23.2,0.42,0,0,20,0,583.0,0.36,0.32,0.15,1,18,Low
U_0083,student,23,455.3,9,38.57,0.18,1,0,23,0,591.0,0.09,0.48,0.25,1,9,Low
U_0084,student,21,272.39,10,13.67,0.17,0,0,35,0,640.0,0.47,0.48,0.35,2,7,Low
U_0085,student,21,643.16,15,17.44,0.1,1,0,7,0,617.0,0.46,0.15,0.32,1,12,Low
U_0086,student,20,381.36,12,36.86,0.14,0,0,18,0,459.0,0.21,0.4,0.18,0,10,Low
U_0087,student,20,582.72,13,38.88,0.18,0,0,1,0,565.0,0.38,0.54,0.23,2,15,Low
U_0088,student,23,310.62,7,7.31,0.02,1,0,8,0,614.0,0.56,0.4,0.36,2,3,Low
U_0089,student,18,291.04,16,41.5,0.05,1,0,6,0,649.0,0.21,0.39,0.55,0,14,Low
U_0090,student,21,665.42,13,22.12,0.24,1,0,20,0,622.0,0.16,0.34,0.24,3,10,Low
U_0091,student,18,565.78,9,38.3,0.21,0,0,14,0,503.0,0.21,0.57,0.11,0,8,Low
U_0092,student,20,531.2,5,12.04,0.38,1,0,29,0,588.0,0.24,0.49,0.2,2,2,Low
U_0093,student,21,372.86,10,17.72,0.16,1,0,5,0,587.0,0.11,0.13,0.33,3,21,Low
U_0094,student,21,455.08,11,29.51,0.18,0,0,18,0,615.0,0.7,0.59,0.4,0,6,Low
U_0095,student,22,557.03,6,42.09,0.11,1,0,29,0,475.0,0.28,0.39,0.27,2,23,Low
U_0096,student,24,765.61,15,27.52,0.53,1,0,29,1,466.0,0.52,0.06,0.23,0,14,Low
U_0097,student,23,562.23,9,6.16,0.38,0,0,2,0,650.0,0.49,0.41,0.12,2,9,Low
U_0098,student,18,657.87,10,12.88,0.07,1,0,18,0,486.0,0.47,0.7,0.55,2,21,Low
U_0099,student,25,781.43,8,26.15,0.09,1,0,22,0,514.0,0.42,0.13,0.23,0,6,Low
U_0100,student,23,446.99,9,27.3,0.1,1,0,36,0,457.0,0.1,0.56,0.47,0,9,Low
U_0101,salaried,42,2253.49,39,236.31,0.35,2,0,111,0,848.0,0.89,0.1,0.78,1,46,Low
U_0102,salaried,51,4186.11,33,72.52,0.06,1,0,85,0,809.0,0.86,0.13,0.9,1,60,Low
U_0103,salaried,25,2823.13,36,173.78,0.24,1,0,62,0,830.0,0.69,0.03,0.97,0,13,Low
U_0104,salaried,60,6695.54,32,218.74,0.1,1,0,76,0,682.0,0.9,0.01,0.66,0,26,Low
U_0105,salaried,29,4499.41,30,52.89,0.03,0,0,69,0,839.0,0.73,0.18,0.71,0,57,Low
U_0106,salaried,39,4200.69,37,155.1,0.21,1,0,37,0,758.0,0.73,0.2,0.92,0,24,Low
U_0107,salaried,60,4803.57,26,266.21,0.3,6,1,41,0,811.0,0.88,0.12,0.93,1,33,Moderate
U_0108,salaried,54,3236.62,37,20.72,0.28,2,0,44,0,822.0,0.9,0.41,0.93,1,54,Low
U_0109,salaried,53,7124.19,39,145.03,0.19,1,0,50,0,737.0,0.91,0.2,0.96,1,36,Low
U_0110,salaried,51,7563.54,33,263.49,0.07,2,0,36,0,777.0,0.81,0.1,0.88,0,61,Low
U_0111,salaried,48,1783.71,27,228.52,0.29,2,0,109,0,745.0,0.87,0.13,0.84,2,62,Low
U_0112,salaried,31,4719.64,32,30.37,0.4,7,1,81,0,736.0,0.86,0.06,0.88,0,66,Moderate
U_0113,salaried,50,2148.13,19,274.92,0.21,0,0,98,0,705.0,0.77,0.01,0.85,1,21,Low
U_0114,salaried,26,4551.69,28,291.38,0.15,1,0,85,0,798.0,0.89,0.07,0.61,1,66,Low
U_0115,salaried,43,7040.22,34,260.62,0.08,1,0,46,0,787.0,0.79,0.21,0.76,1,43,Low
U_0116,salaried,56,1733.34,32,39.16,0.04,2,0,93,0,837.0,0.79,0.14,0.65,2,59,Low
U_0117,salaried,27,4320.81,29,47.56,0.46,2,0,96,0,828.0,0.85,0.06,0.71,0,56,Low
U_0118,salaried,41,7372.26,43,32.88,0.15,0,0,43,0,741.0,0.9,0.01,0.98,0,27,Low
U_0119,salaried,55,4178.34,24,210.9,0.24,0,0,27,0,710.0,0.59,0.09,0.7,1,36,Low
U_0120,salaried,37,4734.84,25,183.28,0.2,0,0,65,0,788.0,0.59,0.16,0.73,0,54,Low
U_0121,salaried,22,7342.91,37,150.27,0.23,1,0,92,0,773.0,0.97,0.15,0.61,0,72,Low
U_0122,salaried,44,7919.74,29,103.76,0.08,1,0,94,0,723.0,0.84,0.22,0.8,1,24,Low
U_0123,salaried,46,7046.68,34,49.86,0.23,1,0,79,0,741.0,0.69,0.02,0.64,0,56,Low
U_0124,salaried,40,1642.61,30,252.41,0.09,1,0,41,0,681.0,0.82,0.04,0.86,1,61,Low
U_0125,salaried,25,7419.01,25,228.65,0.16,1,0,105,0,816.0,0.44,0.01,0.82,1,34,Low
U_0126,salaried,36,5638.02,23,193.85,0.59,2,0,102,0,803.0,0.87,0.14,0.92,1,65,Low
U_0127,salaried,30,5583.61,28,272.95,0.08,2,0,11,0,733.0,0.86,0.01,0.84,0,49,Low
U_0128,salaried,45,6260.34,42,45.24,0.07,1,0,47,0,807.0,0.73,0.07,0.91,0,20,Low
U_0129,salaried,56,7196.99,35,122.44,0.2,2,0,40,0,821.0,0.86,0.14,0.62,0,64,Low
U_0130,salaried,52,7788.0,34,102.64,0.06,1,0,108,0,700.0,0.93,0.0,0.9,2,21,Low
U_0131,salaried,36,7090.91,30,222.78,0.18,1,0,114,0,817.0,0.53,0.09,0.69,0,62,Low
U_0132,salaried,47,1590.47,150,85.12,0.06,5,0,53,0,794.0,0.58,0.05,0.95,1,49,Moderate
U_0133,salaried,46,6845.71,41,283.28,0.16,0,0,92,0,720.0,0.8,0.1,0.96,0,68,Low
U_0134,salaried,57,3632.04,26,190.82,0.43,2,0,14,0,788.0,0.83,0.09,0.89,0,56,Low
U_0135,salaried,41,5720.06,35,52.67,0.0,0,0,10,0,732.0,0.73,0.31,0.82,0,18,Low
U_0136,salaried,37,7267.19,29,57.99,0.2,1,0,53,0,794.0,0.8,0.13,0.9,1,72,Low
U_0137,salaried,56,4224.32,33,227.84,0.36,0,0,119,0,751.0,0.6,0.15,0.85,0,43,Low
U_0138,salaried,48,7603.84,28,98.33,0.34,2,0,53,0,717.0,0.65,0.14,0.47,0,27,Low
U_0139,salaried,45,2145.81,22,211.99,0.09,2,0,88,0,741.0,0.97,0.03,0.58,0,24,Low
U_0140,salaried,29,7668.57,30,250.77,0.15,0,0,90,0,716.0,0.72,0.15,0.94,1,13,Low
U_0141,salaried,25,6614.16,31,88.2,0.11,0,0,106,0,776.0,0.75,0.07,0.56,0,60,Low
U_0142,salaried,57,2846.52,29,80.47,0.22,0,0,48,0,812.0,0.66,0.02,0.66,1,50,Low
U_0143,salaried,22,3302.29,42,295.53,0.52,0,0,75,2,723.0,0.74,0.04,0.73,0,54,Moderate
U_0144,salaried,23,2356.72,26,120.31,0.44,0,0,81,0,735.0,0.54,0.22,0.78,0,15,Low
U_0145,salaried,30,6321.17,28,167.3,0.03,2,0,14,0,761.0,0.82,0.15,0.92,1,44,Low
U_0146,salaried,59,2208.85,24,161.07,0.12,2,0,11,0,804.0,0.72,0.14,0.76,1,54,Low
U_0147,salaried,55,3460.6,27,200.14,0.02,0,0,13,0,850.0,0.95,0.01,0.92,1,39,Low
U_0148,salaried,28,4686.75,34,274.72,0.29,0,0,16,0,735.0,0.87,0.02,0.73,0,20,Low
U_0149,salaried,39,5558.06,28,183.9,0.27,2,0,47,0,745.0,0.8,0.01,0.62,1,30,Low
U_0150,salaried,51,4786.08,26,140.46,0.54,2,0,20,0,825.0,0.87,0.12,0.79,1,61,Low
U_0151,salaried,57,6185.46,29,80.21,0.37,1,0,119,0,719.0,0.82,0.38,0.77,0,41,Low
U_0152,salaried,47,4203.93,32,46.62,0.14,1,0,46,0,793.0,0.9,0.01,0.66,0,21,Low
U_0153,salaried,52,1936.37,42,252.9,0.21,0,0,61,0,696.0,0.94,0.09,0.95,1,63,Low
U_0154,salaried,30,5116.41,38,184.21,0.11,2,0,77,0,736.0,0.94,0.45,0.64,0,34,Low
U_0155,salaried,49,7142.6,27,221.9,0.22,1,0,82,0,733.0,0.56,0.02,0.82,0,44,Low
U_0156,salaried,35,2505.75,27,155.01,0.45,0,0,50,0,824.0,0.9,0.22,0.83,0,60,Low
U_0157,salaried,39,5231.65,30,246.02,0.05,2,0,104,0,819.0,0.57,0.18,0.61,1,53,Low
U_0158,salaried,57,1670.65,34,280.14,0.12,9,1,40,0,685.0,0.95,0.01,0.61,0,60,Moderate
U_0159,salaried,41,7489.99,29,118.29,0.57,0,0,117,0,704.0,0.79,0.01,0.87,1,16,Low
U_0160,salaried,31,6316.3,25,292.11,0.14,0,0,101,0,770.0,0.88,0.12,0.89,0,41,Low
U_0161,salaried,43,2523.16,150,53.63,0.43,5,0,105,0,840.0,0.8,0.21,0.82,1,68,Moderate
U_0162,salaried,25,2511.27,20,231.24,0.08,0,0,92,0,694.0,0.82,0.01,0.48,0,39,Low
U_0163,salaried,53,5445.99,35,135.97,0.04,0,0,102,0,767.0,0.86,0.08,0.67,0,19,Low
U_0164,salaried,40,5908.42,34,186.08,0.26,2,0,91,0,732.0,0.92,0.04,0.74,0,50,Low
U_0165,salaried,25,1549.97,20,104.4,0.26,0,0,104,0,703.0,0.94,0.09,0.83,0,32,Low
U_0166,salaried,29,1550.24,31,229.16,0.28,0,0,22,0,745.0,0.51,0.03,0.56,1,44,Low
U_0167,salaried,57,6916.8,27,245.74,0.12,0,0,56,0,826.0,0.73,0.39,0.85,0,13,Low
U_0168,salaried,51,7487.56,28,261.39,0.01,2,0,60,0,777.0,0.8,0.06,0.84,1,38,Low
U_0169,salaried,40,2248.63,29,25.84,0.15,1,0,27,0,816.0,0.63,0.33,0.84,1,65,Low
U_0170,salaried,45,2072.84,33,256.46,0.09,0,0,61,0,780.0,0.89,0.09,0.91,1,37,Low
U_0171,salaried,41,6347.73,36,82.04,0.32,0,0,15,0,767.0,0.73,0.04,0.97,0,44,Low
U_0172,salaried,34,7388.5,21,117.83,0.3,2,0,110,0,790.0,0.86,0.04,0.71,0,18,Low
U_0173,salaried,31,3163.79,36,68.58,0.12,0,0,103,0,809.0,0.88,0.06,0.95,0,72,Low
U_0174,salaried,53,4515.69,27,177.85,0.13,2,0,63,0,796.0,0.81,0.19,0.89,1,53,Low
U_0175,salaried,42,7117.6,35,195.62,0.09,0,0,62,0,692.0,0.96,0.07,0.39,0,31,Low
U_0176,salaried,39,5344.23,27,118.54,0.39,8,1,45,0,758.0,0.93,0.34,0.77,0,35,Moderate
U_0177,salaried,40,1998.75,24,261.99,0.06,0,0,84,0,781.0,0.59,0.15,0.84,0,49,Low
U_0178,salaried,57,7702.5,23,226.9,0.07,0,0,63,0,835.0,0.77,0.03,0.71,1,24,Low
U_0179,salaried,42,5432.54,23,160.38,0.35,0,0,63,0,698.0,0.86,0.29,0.89,1,33,Low
U_0180,salaried,27,4779.57,29,68.32,0.38,0,0,96,0,754.0,0.9,0.21,0.82,0,45,Low
U_0181,salaried,32,3865.34,25,277.02,0.09,1,0,58,0,812.0,0.91,0.14,0.66,1,15,Low
U_0182,salaried,43,1928.43,150,23.23,0.11,5,0,55,0,728.0,0.74,0.1,0.89,1,54,Moderate
U_0183,salaried,60,7176.32,34,113.34,0.19,2,0,90,0,704.0,0.79,0.06,0.87,0,53,Low
U_0184,salaried,47,2338.19,29,218.47,0.11,0,0,45,0,775.0,0.65,0.15,0.47,1,33,Low
U_0185,salaried,30,5855.76,27,252.11,0.1,2,0,93,0,835.0,0.88,0.09,0.84,0,54,Low
U_0186,salaried,49,4805.18,31,25.1,0.1,1,0,29,0,842.0,0.65,0.05,0.78,0,61,Low
U_0187,salaried,53,2748.03,25,299.99,0.34,0,0,15,0,730.0,0.72,0.04,0.81,1,44,Low
U_0188,salaried,56,6928.28,25,267.43,0.28,0,0,90,0,737.0,0.99,0.19,0.99,1,20,Low
U_0189,salaried,60,3948.68,28,65.43,0.08,2,0,104,0,786.0,0.76,0.12,0.54,1,58,Low
U_0190,salaried,50,1784.0,29,122.0,0.23,2,0,36,0,845.0,0.69,0.17,0.5,1,60,Low
U_0191,salaried,50,3021.02,20,86.97,0.07,1,0,112,0,713.0,0.94,0.13,0.85,1,48,Low
U_0192,salaried,50,4500.92,32,98.9,0.75,1,1,70,2,770.0,0.91,0.13,0.83,2,64,Moderate
U_0193,salaried,34,6708.18,30,58.75,0.7,1,1,12,2,789.0,0.85,0.05,0.91,1,47,Moderate
U_0194,salaried,28,6124.11,33,164.45,0.34,0,0,42,0,694.0,0.38,0.06,0.68,0,40,Low
U_0195,salaried,54,2457.77,25,142.49,0.37,0,0,110,0,757.0,0.96,0.07,0.6,0,13,Low
U_0196,salaried,48,1846.17,31,160.56,0.04,0,0,55,0,849.0,0.75,0.22,0.77,0,13,Low
U_0197,salaried,42,7550.37,37,254.97,0.27,2,0,48,0,815.0,0.92,0.17,0.81,0,30,Low
U_0198,salaried,52,6024.47,28,58.86,0.5,2,0,66,0,756.0,0.86,0.06,0.62,0,17,Low
U_0199,salaried,23,3163.51,23,253.79,0.36,2,0,99,0,784.0,0.75,0.02,0.43,0,61,Low
U_0200,salaried,40,3044.66,31,54.12,0.26,0,0,59,0,789.0,0.9,0.01,0.62,1,16,Low
U_0201,freelancer,28,4314.09,41,264.92,0.65,0,0,83,0,672.0,0.43,0.43,0.48,1,3,Low
U_0202,freelancer,44,2281.83,52,298.21,0.66,1,0,13,1,562.0,0.59,0.18,0.82,1,35,Moderate
U_0203,freelancer,50,4950.99,38,290.45,0.45,3,0,63,0,658.0,0.18,0.61,0.43,3,19,Low
U_0204,freelancer,48,868.22,37,400.6,0.74,2,1,33,4,681.0,0.42,0.36,0.71,2,24,Moderate
U_0205,freelancer,29,986.21,41,286.63,0.82,1,0,62,1,657.0,0.65,0.22,0.61,2,7,Moderate
U_0206,freelancer,47,4060.0,38,245.11,0.08,2,0,28,0,684.0,0.67,0.4,0.29,3,23,Low
U_0207,freelancer,34,2964.61,39,494.89,0.22,3,0,35,0,678.0,0.63,0.5,0.57,0,25,Low
U_0208,freelancer,49,1000.78,44,338.19,0.69,2,0,18,1,624.0,0.61,0.19,0.62,1,31,Moderate
U_0209,freelancer,37,2223.95,44,117.8,0.08,3,0,50,1,686.0,0.6,0.41,0.81,2,8,Low
U_0210,freelancer,38,3330.3,37,416.5,0.14,7,1,44,0,564.0,0.41,0.41,0.46,2,22,Moderate
U_0211,freelancer,39,3331.01,31,230.27,0.42,3,0,47,2,557.0,0.6,0.58,0.59,3,25,Moderate
U_0212,freelancer,44,4992.23,32,159.04,0.78,0,0,12,1,612.0,0.39,0.68,0.54,2,13,Moderate
U_0213,freelancer,25,1399.67,60,315.56,0.41,3,0,7,0,561.0,0.78,0.37,0.67,2,26,Moderate
U_0214,freelancer,36,2407.99,47,296.6,0.2,1,0,60,1,613.0,0.6,0.32,0.77,2,11,Low
U_0215,freelancer,41,2341.19,42,177.76,0.59,2,1,34,2,554.0,0.39,0.32,0.3,0,36,Moderate
U_0216,freelancer,37,4636.88,40,85.35,0.13,2,0,60,0,719.0,0.68,0.21,0.46,1,34,Low
U_0217,freelancer,31,1315.08,32,430.83,0.09,3,0,25,1,720.0,0.7,0.23,0.62,2,23,Low
U_0218,freelancer,46,2259.19,46,60.52,0.2,2,0,41,0,671.0,0.36,0.27,0.47,3,14,Low
U_0219,freelancer,50,2318.27,46,135.39,0.17,1,0,20,0,684.0,0.35,0.37,0.24,0,26,Low
U_0220,freelancer,39,4175.38,37,289.27,0.8,0,0,11,1,618.0,0.37,0.15,0.35,2,33,Moderate
U_0221,freelancer,41,2525.34,44,222.43,0.46,0,0,19,1,659.0,0.73,0.33,0.42,1,36,Low
U_0222,freelancer,36,1339.01,39,419.66,0.68,1,0,19,1,635.0,0.61,0.54,0.8,3,10,Moderate
U_0223,freelancer,41,1442.66,34,107.39,0.18,2,0,31,1,711.0,0.64,0.12,0.33,1,21,Low
U_0224,freelancer,27,1852.54,49,328.48,0.28,2,0,19,1,654.0,0.26,0.44,0.71,0,13,Low
U_0225,freelancer,43,4754.75,45,102.47,0.26,2,0,75,0,690.0,0.68,0.49,0.34,0,5,Low
U_0226,freelancer,45,4038.29,35,154.39,0.13,1,0,76,1,655.0,0.36,0.42,0.69,0,21,Low
U_0227,freelancer,45,4817.93,36,256.98,0.23,3,0,41,1,562.0,0.39,0.25,0.24,0,31,Low
U_0228,freelancer,38,2833.85,48,125.89,0.12,1,0,43,1,675.0,0.34,0.31,0.61,3,28,Low
U_0229,freelancer,29,3994.79,44,272.04,0.48,0,0,43,0,629.0,0.37,0.16,0.34,1,18,Low
U_0230,freelancer,29,1206.61,49,166.4,0.37,3,0,81,1,592.0,0.35,0.57,0.49,3,13,Moderate
U_0231,freelancer,35,4721.76,37,368.93,0.22,7,1,23,1,719.0,0.5,0.56,0.2,1,22,Moderate
U_0232,freelancer,40,897.34,39,474.26,0.78,3,0,33,0,649.0,0.42,0.39,0.4,0,21,Moderate
U_0233,freelancer,40,3309.58,28,426.14,0.54,3,0,39,0,694.0,0.32,0.1,0.43,1,19,Low
U_0234,freelancer,48,2336.27,48,219.53,0.58,0,0,54,0,647.0,0.61,0.6,0.57,0,21,Low
U_0235,freelancer,27,2422.67,47,241.67,0.31,2,0,82,0,572.0,0.66,0.71,0.51,0,26,Low
U_0236,freelancer,50,4944.51,36,292.18,0.23,2,0,21,0,652.0,0.36,0.47,0.44,1,5,Low
U_0237,freelancer,26,963.44,34,365.39,0.44,3,0,69,1,575.0,0.38,0.37,0.71,3,11,Low
U_0238,freelancer,35,4711.75,38,179.71,0.38,3,0,81,1,651.0,0.54,0.48,0.5,1,35,Low
U_0239,freelancer,42,2857.36,37,294.57,0.84,4,0,5,1,606.0,0.58,0.24,0.21,0,29,Moderate
U_0240,freelancer,43,2092.25,39,452.42,0.14,0,0,79,1,595.0,0.39,0.43,0.47,2,17,Low
U_0241,freelancer,48,1015.69,36,255.81,0.25,3,0,21,0,555.0,0.83,0.52,0.21,3,10,Low
U_0242,freelancer,31,879.54,35,177.44,0.32,1,0,55,0,620.0,0.53,0.42,0.7,2,33,Low
U_0243,freelancer,48,3855.09,37,361.71,0.45,1,0,74,1,720.0,0.44,0.61,0.67,1,27,Low
U_0244,freelancer,35,4818.08,36,246.04,0.31,2,0,72,1,665.0,0.36,0.43,0.34,3,19,Low
U_0245,freelancer,44,2833.56,32,479.95,0.29,2,0,74,1,588.0,0.45,0.21,0.47,3,22,Low
U_0246,freelancer,49,2013.82,37,127.42,0.02,3,0,43,1,609.0,0.49,0.3,0.3,3,20,Low
U_0247,freelancer,34,1311.87,39,348.01,0.34,3,0,53,1,712.0,0.67,0.24,0.61,2,21,Low
U_0248,freelancer,26,2008.05,51,365.65,0.27,2,0,59,1,677.0,0.13,0.17,0.24,1,20,Low
U_0249,freelancer,42,3723.92,36,94.52,0.47,1,0,34,0,664.0,0.8,0.19,0.54,1,17,Low
U_0250,freelancer,26,1220.83,35,185.24,0.46,3,0,15,0,551.0,0.71,0.4,0.49,2,13,Low
U_0251,freelancer,38,3542.15,41,443.9,0.38,3,0,64,0,679.0,0.29,0.62,0.09,1,21,Low
U_0252,freelancer,45,1048.48,40,391.3,0.51,1,0,71,0,705.0,0.45,0.7,0.49,0,14,Low
U_0253,freelancer,26,4988.12,31,216.59,0.25,3,0,26,1,699.0,0.6,0.39,0.47,0,9,Low
U_0254,freelancer,35,1995.16,34,494.88,0.23,3,0,20,1,596.0,0.49,0.8,0.68,2,24,Low
U_0255,freelancer,30,3870.7,41,334.69,0.55,1,0,4,1,684.0,0.21,0.65,0.65,2,15,Moderate
U_0256,freelancer,30,3366.01,38,330.2,0.42,3,0,57,1,565.0,0.31,0.61,0.72,2,14,Low
U_0257,freelancer,29,2805.31,36,469.84,0.36,0,0,36,1,590.0,0.59,0.13,0.47,2,24,Low
U_0258,freelancer,34,3246.34,40,299.25,0.25,2,0,49,0,561.0,0.35,0.39,0.34,0,22,Low
U_0259,freelancer,30,2502.75,40,266.18,0.28,2,0,18,1,612.0,0.48,0.31,0.37,1,11,Low
U_0260,freelancer,40,1443.38,49,381.44,0.33,2,0,56,1,679.0,0.5,0.46,0.44,2,16,Low
U_0261,freelancer,49,1839.35,41,384.73,0.25,0,0,70,1,640.0,0.78,0.42,0.33,1,10,Low
U_0262,freelancer,26,4280.85,32,454.36,0.3,1,0,76,0,578.0,0.26,0.12,0.36,3,31,Low
U_0263,freelancer,28,3657.24,41,366.95,0.23,3,0,14,1,687.0,0.43,0.63,0.83,1,35,Low
U_0264,freelancer,38,2718.55,46,57.14,0.33,3,0,42,0,617.0,0.6,0.15,0.6,2,16,Low
U_0265,freelancer,43,1106.72,48,229.14,0.1,0,0,72,0,709.0,0.65,0.5,0.81,0,33,Low
U_0266,freelancer,26,2005.78,45,114.59,0.35,1,0,56,1,719.0,0.22,0.32,0.52,1,27,Low
U_0267,freelancer,37,1137.05,43,483.15,0.47,1,0,47,0,580.0,0.31,0.71,0.47,1,36,Low
U_0268,freelancer,29,3857.0,44,134.66,0.26,0,0,5,1,629.0,0.33,0.6,0.33,2,30,Low
U_0269,freelancer,42,2392.96,37,137.94,0.13,3,0,47,0,597.0,0.73,0.6,0.64,3,10,Low
U_0270,freelancer,26,4199.81,39,227.04,0.44,0,0,33,0,561.0,0.41,0.28,0.71,2,31,Low
U_0271,freelancer,44,3622.5,48,439.94,0.39,1,0,8,1,625.0,0.65,0.14,0.38,1,6,Low
U_0272,freelancer,29,2916.36,41,165.95,0.4,2,0,76,1,590.0,0.08,0.37,0.47,3,36,Low
U_0273,freelancer,32,2536.95,53,159.32,0.31,1,0,83,1,644.0,0.72,0.16,0.55,0,25,Low
U_0274,freelancer,45,3619.64,32,399.33,0.5,2,0,56,1,575.0,0.54,0.62,0.14,1,33,Low
U_0275,freelancer,32,4367.23,40,171.35,0.03,1,0,62,0,646.0,0.57,0.46,0.24,3,36,Low
U_0276,freelancer,29,2431.36,35,149.85,0.36,2,0,13,1,694.0,0.83,0.22,0.54,0,15,Low
U_0277,freelancer,26,1927.54,26,346.63,0.53,0,0,12,0,687.0,0.2,0.66,0.25,2,16,Low
U_0278,freelancer,40,1677.33,42,456.31,0.34,2,0,4,0,709.0,0.55,0.49,0.74,3,10,Low
U_0279,freelancer,48,4998.2,33,255.09,0.31,1,0,80,0,617.0,0.37,0.17,0.81,1,23,Low
U_0280,freelancer,49,1988.85,36,249.14,0.07,2,0,42,1,611.0,0.55,0.46,0.55,3,32,Low
U_0281,freelancer,28,4171.83,31,369.53,0.21,2,0,29,1,603.0,0.31,0.4,0.57,0,17,Low
U_0282,freelancer,48,1412.88,33,152.56,0.52,3,0,40,0,583.0,0.38,0.16,0.47,1,18,Low
U_0283,freelancer,40,3112.7,42,473.43,0.59,2,0,35,1,714.0,0.32,0.12,0.33,2,34,Moderate
U_0284,freelancer,39,1506.58,51,403.64,0.17,1,0,20,1,581.0,0.56,0.48,0.33,3,6,Low
U_0285,freelancer,41,942.06,31,427.95,0.24,0,0,3,1,573.0,0.51,0.26,0.48,2,7,Low
U_0286,freelancer,47,1434.32,46,132.8,0.2,3,0,50,0,655.0,0.38,0.27,0.35,2,33,Low
U_0287,freelancer,46,2848.99,42,33.11,0.23,3,0,4,0,640.0,0.61,0.55,0.63,1,21,Low
U_0288,freelancer,25,2909.31,43,357.99,0.18,3,0,25,0,706.0,0.24,0.71,0.53,1,18,Low
U_0289,freelancer,31,3403.08,41,148.64,0.46,2,0,37,1,563.0,0.23,0.26,0.6,3,32,Low
U_0290,freelancer,43,1821.47,43,357.7,0.27,2,0,13,0,566.0,0.28,0.54,0.27,1,33,Low
U_0291,freelancer,26,3474.34,34,360.34,0.6699999999999999,0,1,66,3,660.0,0.45,0.3,0.5,1,9,Moderate
U_0292,freelancer,41,4660.44,42,137.99,0.43,3,0,37,0,707.0,0.41,0.36,0.56,2,20,Low
U_0293,freelancer,42,3166.74,32,45.46,0.24,2,0,5,0,650.0,0.51,0.3,0.61,2,28,Low
U_0294,freelancer,27,2056.96,42,295.06,0.41,3,0,72,1,615.0,0.44,0.28,0.58,2,8,Moderate
U_0295,freelancer,41,3930.92,30,192.55,0.4,0,0,58,0,693.0,0.63,0.39,0.68,1,28,Low
U_0296,freelancer,49,2170.78,33,328.04,0.35,3,0,65,0,610.0,0.29,0.37,0.61,3,30,Low
U_0297,freelancer,30,3654.72,37,340.52,0.28,0,0,82,1,686.0,0.45,0.32,0.27,2,8,Low
U_0298,freelancer,33,1447.73,37,364.49,0.15,1,0,52,1,611.0,0.32,0.6,0.69,0,22,Low
U_0299,freelancer,39,2311.65,150,78.39,0.64,5,0,14,0,623.0,0.5,0.33,0.74,2,35,Moderate
U_0300,freelancer,38,1233.83,35,72.12,0.34,0,0,79,1,697.0,0.54,0.24,0.6,0,29,Low
U_0301,business_owner,54,16245.87,119,1463.45,0.23,4,0,74,1,723.0,0.67,0.27,0.71,0,29,Moderate
U_0302,business_owner,49,7562.92,112,334.57,0.42,1,0,123,2,676.0,0.72,0.5,0.72,0,16,Moderate
U_0303,business_owner,53,7278.9,130,530.85,0.37,5,0,138,1,682.0,0.46,0.08,0.73,0,12,Moderate
U_0304,business_owner,55,8647.69,120,1259.37,0.2,2,0,124,2,678.0,0.74,0.24,0.77,1,53,Moderate
U_0305,business_owner,38,8107.4,130,1226.26,0.5,5,0,63,3,657.0,0.78,0.43,0.75,2,32,High
U_0306,business_owner,48,15492.86,119,1284.16,0.89,4,0,74,2,668.0,0.51,0.15,0.88,1,37,High
U_0307,business_owner,53,4936.09,99,1149.51,0.52,9,1,151,1,723.0,0.53,0.26,0.47,1,72,High
U_0308,business_owner,59,19030.57,106,458.81,0.32,2,0,29,3,721.0,0.6,0.12,0.85,0,31,Moderate
U_0309,business_owner,45,7295.59,121,350.58,0.84,3,0,108,0,681.0,0.69,0.19,0.27,1,49,Moderate
U_0310,business_owner,55,12084.25,145,1850.82,0.27,5,0,119,0,742.0,0.35,0.2,0.86,0,69,Moderate
U_0311,business_owner,64,13094.94,117,1833.08,0.54,0,0,75,2,630.0,0.72,0.52,0.28,1,48,Moderate
U_0312,business_owner,55,19435.79,108,696.61,0.44,3,0,39,1,618.0,0.66,0.25,0.6,0,59,Moderate
U_0313,business_owner,63,12485.89,128,1390.95,0.28,6,1,126,2,670.0,0.86,0.18,0.83,1,49,High
U_0314,business_owner,62,5562.66,142,1995.52,0.21,3,0,38,2,675.0,0.64,0.2,0.82,2,19,Moderate
U_0315,business_owner,39,8921.59,129,718.98,0.32,1,0,145,3,663.0,0.6,0.43,0.37,0,58,Moderate
U_0316,business_owner,58,8421.46,119,635.51,0.91,5,0,41,0,753.0,0.77,0.38,0.62,1,55,High
U_0317,business_owner,40,18808.68,129,1493.95,0.36,4,0,56,1,660.0,0.79,0.27,0.83,0,41,Moderate
U_0318,business_owner,44,16561.85,116,1278.03,0.34,1,0,175,3,671.0,0.75,0.24,0.61,1,68,Moderate
U_0319,business_owner,42,10642.78,126,887.63,0.35,0,0,66,1,650.0,0.62,0.4,0.42,1,62,Moderate
U_0320,business_owner,34,12814.91,111,1609.03,0.12,4,0,59,2,659.0,0.67,0.24,0.51,0,28,Moderate
U_0321,business_owner,61,11971.16,127,1296.26,0.51,4,0,111,3,706.0,0.56,0.18,0.36,0,66,Moderate
U_0322,business_owner,59,13495.17,112,1636.79,0.35,5,0,88,0,721.0,0.75,0.41,0.72,0,27,Moderate
U_0323,business_owner,49,4988.13,112,777.95,0.27,1,0,142,3,675.0,0.84,0.25,0.64,0,36,Moderate
U_0324,business_owner,57,6157.81,116,1289.23,0.32,5,0,177,1,700.0,0.59,0.17,0.65,0,20,Moderate
U_0325,business_owner,41,8347.86,115,929.45,0.71,0,0,103,0,687.0,0.4,0.17,0.8,0,36,Moderate
U_0326,business_owner,65,11592.45,117,1015.19,0.34,5,0,137,3,728.0,0.38,0.09,0.39,0,22,Moderate
U_0327,business_owner,35,12611.76,98,1601.97,0.51,1,0,86,0,649.0,0.85,0.49,0.58,1,22,Moderate
U_0328,business_owner,59,12616.06,131,1556.47,0.7,3,0,152,0,703.0,0.57,0.2,0.52,0,46,Moderate
U_0329,business_owner,53,12214.74,111,1525.73,0.48,5,0,124,1,778.0,0.82,0.12,0.82,0,65,Moderate
U_0330,business_owner,45,8061.05,131,1998.66,0.36,3,0,79,2,755.0,0.55,0.3,0.59,0,67,Moderate
U_0331,business_owner,37,16185.74,102,512.04,0.08,5,0,162,2,755.0,0.83,0.18,0.84,1,39,Moderate
U_0332,business_owner,40,13474.57,113,1580.46,0.5,1,0,27,2,696.0,0.26,0.27,0.91,1,22,Moderate
U_0333,business_owner,50,19643.0,114,620.64,0.24,4,0,80,0,624.0,0.52,0.58,0.57,1,38,Moderate
U_0334,business_owner,33,19872.27,151,1740.74,0.42,1,0,45,2,626.0,0.45,0.15,0.67,0,27,Moderate
U_0335,business_owner,55,11320.8,100,1175.98,0.38,7,1,172,3,668.0,0.35,0.03,0.68,0,62,High
U_0336,business_owner,35,9848.46,124,1512.11,0.22,5,0,106,3,771.0,0.42,0.36,0.75,0,12,Moderate
U_0337,business_owner,35,15425.84,119,943.98,0.5700000000000001,5,1,103,4,743.0,0.82,0.27,0.78,0,39,High
U_0338,business_owner,43,11410.15,117,679.59,0.36,2,0,98,1,702.0,0.74,0.42,0.88,0,33,Moderate
U_0339,business_owner,33,3781.03,114,1271.05,0.89,4,0,16,0,767.0,0.82,0.25,0.72,0,41,Moderate
U_0340,business_owner,30,19861.25,135,884.21,0.19,5,0,45,2,629.0,0.43,0.24,0.59,1,29,Moderate
U_0341,business_owner,35,14128.0,133,538.26,0.14,2,0,178,1,609.0,0.72,0.28,0.84,1,58,Moderate
U_0342,business_owner,44,10296.93,133,227.84,0.68,0,0,12,1,686.0,0.63,0.29,0.6,0,26,Moderate
U_0343,business_owner,63,14559.71,121,68.11,0.34,5,0,99,0,778.0,0.63,0.21,0.73,0,20,Moderate
U_0344,business_owner,60,4204.08,123,796.99,0.23,5,0,38,0,656.0,0.59,0.33,0.4,1,20,Moderate
U_0345,business_owner,54,16148.83,141,1518.66,0.63,1,0,176,1,612.0,0.53,0.11,0.54,1,51,Moderate
U_0346,business_owner,40,10481.69,106,1458.74,0.47,5,0,50,3,711.0,0.83,0.07,0.73,0,25,Moderate
U_0347,business_owner,35,18242.08,118,323.03,0.38,0,0,162,3,663.0,0.49,0.31,0.58,0,62,Moderate
U_0348,business_owner,38,7212.37,540,653.5,0.43,5,0,153,2,740.0,0.72,0.2,0.72,1,66,High
U_0349,business_owner,49,6492.58,100,1233.51,0.48,1,0,112,2,716.0,0.45,0.2,0.43,1,62,Moderate
U_0350,business_owner,45,11413.09,129,269.85,0.82,3,0,175,0,695.0,0.78,0.54,0.65,2,35,Moderate
U_0351,business_owner,50,5243.71,134,1728.59,0.33,4,0,119,2,698.0,0.83,0.37,0.61,0,42,Moderate
U_0352,business_owner,34,3283.72,123,181.69,0.73,2,0,67,0,766.0,0.47,0.32,0.57,1,37,Moderate
U_0353,business_owner,62,7870.29,141,1439.63,0.54,3,0,120,3,615.0,0.5,0.38,0.7,1,51,High
U_0354,business_owner,39,7716.95,134,654.32,0.29,4,0,64,1,697.0,0.73,0.34,0.79,0,52,Moderate
U_0355,business_owner,34,8272.88,125,903.1,0.52,1,0,26,1,616.0,0.72,0.1,0.77,0,41,Moderate
U_0356,business_owner,33,8257.93,125,1496.3,0.59,5,0,56,0,602.0,0.51,0.37,0.35,0,12,Moderate
U_0357,business_owner,40,11439.02,127,726.07,0.55,4,0,78,1,667.0,0.8,0.29,0.46,1,67,Moderate
U_0358,business_owner,47,15459.91,113,280.21,0.45,0,0,97,3,649.0,0.87,0.41,0.73,0,57,Moderate
U_0359,business_owner,34,11434.51,115,1046.02,0.23,0,0,139,1,666.0,0.38,0.06,0.55,0,18,Moderate
U_0360,business_owner,37,6882.88,143,1042.21,0.32,0,0,15,1,608.0,0.96,0.12,0.96,0,70,Moderate
U_0361,business_owner,39,6042.34,102,1922.67,0.5,0,0,153,3,640.0,0.74,0.05,0.87,0,70,Moderate
U_0362,business_owner,50,7611.39,126,201.88,0.73,2,0,42,0,632.0,0.52,0.07,0.72,1,14,Moderate
U_0363,business_owner,55,4171.75,127,956.93,0.51,2,0,91,2,616.0,0.44,0.17,0.5,0,35,Moderate
U_0364,business_owner,42,7957.12,105,1579.79,0.8,5,0,171,1,684.0,0.79,0.57,0.9,1,43,Moderate
U_0365,business_owner,42,15451.88,112,1115.79,0.68,1,0,50,0,768.0,0.65,0.37,0.75,0,46,Moderate
U_0366,business_owner,52,13811.01,106,1402.25,0.35,0,0,97,0,737.0,0.36,0.22,0.3,0,59,Moderate
U_0367,business_owner,49,4767.13,132,1083.14,0.14,1,0,119,3,773.0,0.55,0.17,0.66,2,21,Moderate
U_0368,business_owner,47,4581.45,128,1846.49,0.02,4,0,117,2,683.0,0.81,0.08,0.73,1,49,Moderate
U_0369,business_owner,36,11592.27,112,1292.57,0.41,3,0,31,0,678.0,0.8,0.39,0.6,2,27,Moderate
U_0370,business_owner,48,7436.85,91,664.27,0.23,3,0,95,2,681.0,0.35,0.42,0.55,0,72,Moderate
U_0371,business_owner,42,5313.9,128,1551.79,0.39,0,0,51,0,630.0,0.74,0.21,0.67,0,38,Moderate
U_0372,business_owner,37,12110.72,117,1931.04,0.16,1,0,127,2,683.0,0.51,0.22,0.62,1,17,Moderate
U_0373,business_owner,40,16729.15,123,643.22,0.51,5,0,166,0,639.0,0.9,0.13,0.41,1,21,Moderate
U_0374,business_owner,35,15089.68,107,1938.38,0.07,3,0,143,0,722.0,0.45,0.18,0.61,0,23,Low
U_0375,business_owner,31,19185.64,115,1716.47,0.55,4,0,152,1,617.0,0.73,0.31,0.49,0,62,Moderate
U_0376,business_owner,38,5064.71,135,170.25,0.27,1,0,45,1,748.0,0.8,0.05,0.73,0,52,Moderate
U_0377,business_owner,35,12899.5,111,554.7,0.44,0,0,17,0,636.0,0.74,0.09,0.76,1,63,Moderate
U_0378,business_owner,38,4563.64,125,1702.19,0.74,4,0,43,0,770.0,0.89,0.52,0.76,0,71,Moderate
U_0379,business_owner,57,16968.65,112,820.25,0.34,0,0,109,3,631.0,0.85,0.22,0.79,0,23,Moderate
U_0380,business_owner,47,7757.53,115,1772.68,0.66,0,0,169,1,717.0,0.59,0.18,0.7,0,68,Moderate
U_0381,business_owner,65,11143.53,118,221.06,0.37,3,0,47,3,636.0,0.65,0.28,0.53,1,45,Moderate
U_0382,business_owner,45,13722.82,117,1614.23,0.6,0,0,109,2,686.0,0.51,0.3,0.67,1,34,Moderate
U_0383,business_owner,62,8467.28,122,577.35,0.49,0,0,93,1,605.0,0.46,0.5,0.27,1,29,Moderate
U_0384,business_owner,33,16747.12,106,969.78,0.46,7,1,161,1,775.0,0.62,0.17,0.71,0,54,High
U_0385,business_owner,45,7530.96,110,1641.76,0.49,5,0,26,1,704.0,0.42,0.12,0.4,2,36,Moderate
U_0386,business_owner,52,18898.5,106,1983.51,0.82,1,0,57,1,707.0,0.55,0.12,0.65,1,56,Moderate
U_0387,business_owner,52,18537.66,142,105.0,0.22,5,0,102,1,701.0,0.29,0.55,0.89,0,63,Moderate
U_0388,business_owner,61,12216.12,116,392.34,0.51,0,0,35,0,642.0,0.55,0.32,0.49,0,45,Moderate
U_0389,business_owner,60,3011.62,123,1839.9,0.57,1,0,45,2,729.0,0.48,0.27,0.41,1,66,Moderate
U_0390,business_owner,50,4012.45,130,338.04,0.41,5,0,48,0,752.0,0.71,0.33,0.59,1,16,Moderate
U_0391,business_owner,53,14977.15,488,670.59,0.16,5,0,37,2,654.0,0.45,0.32,0.74,0,22,High
U_0392,business_owner,57,16461.32,131,1923.29,0.54,5,0,93,1,727.0,0.75,0.19,0.76,1,68,Moderate
U_0393,business_owner,52,6795.03,118,1198.45,0.38,1,0,108,2,732.0,0.42,0.7,0.39,0,23,Moderate
U_0394,business_owner,30,19129.4,118,1899.96,0.39,3,0,157,0,633.0,0.55,0.15,0.59,0,63,Moderate
U_0395,business_owner,44,13874.0,134,253.01,0.44,3,0,48,2,734.0,0.85,0.21,0.45,0,32,Moderate
U_0396,business_owner,40,13815.18,117,1928.01,0.44999999999999996,5,1,175,4,680.0,0.88,0.15,0.58,0,27,High
U_0397,business_owner,34,8958.18,117,1584.69,0.07,5,0,12,0,669.0,0.29,0.32,0.74,1,22,Moderate
U_0398,business_owner,56,11382.39,130,788.49,0.12,4,0,108,0,749.0,0.93,0.27,0.62,1,48,Moderate
U_0399,business_owner,44,5765.16,124,193.73,0.67,0,0,87,0,657.0,0.62,0.38,0.75,2,16,Moderate
U_0400,business_owner,51,5891.79,99,782.14,0.58,5,0,31,0,661.0,0.8,0.16,0.86,2,69,Moderate
U_0401,retiree,75,2349.91,8,91.95,0.44999999999999996,0,1,179,4,736.0,0.84,0.01,0.79,0,36,Moderate
U_0402,retiree,70,1252.21,5,46.1,0.51,1,0,193,0,657.0,0.79,0.1,0.6,0,30,Low
U_0403,retiree,72,2057.89,6,169.57,0.28,0,0,37,0,667.0,0.92,0.0,0.69,0,61,Low
U_0404,retiree,81,2175.2,7,101.26,0.05,0,0,30,0,647.0,0.85,0.04,0.75,0,34,Low
U_0405,retiree,75,2656.29,5,68.59,0.26,1,0,144,0,684.0,0.82,0.08,0.74,0,35,Low
U_0406,retiree,80,1997.08,8,45.13,0.35,1,0,118,0,644.0,0.55,0.06,0.86,0,80,Low
U_0407,retiree,74,1379.48,8,169.04,0.33,0,0,62,0,718.0,0.62,0.12,0.83,0,34,Low
U_0408,retiree,81,1556.34,9,112.88,0.32,0,0,165,0,628.0,0.6,0.18,0.99,0,90,Low
U_0409,retiree,73,2924.38,7,140.54,0.04,1,0,170,0,735.0,0.71,0.07,0.85,0,34,Low
U_0410,retiree,72,2786.11,9,145.72,0.3,0,0,54,0,743.0,0.79,0.04,0.81,0,45,Low
U_0411,retiree,66,2578.61,4,33.98,0.09,1,0,44,0,748.0,0.58,0.01,0.86,0,104,Low
U_0412,retiree,64,2635.04,7,59.0,0.15,0,0,46,0,670.0,0.66,0.12,0.65,0,65,Low
U_0413,retiree,68,1943.31,11,184.26,0.04,0,0,225,0,711.0,0.64,0.12,0.81,0,77,Low
U_0414,retiree,63,1711.77,150,19.08,0.01,5,0,51,0,693.0,0.79,0.14,0.67,0,60,Moderate
U_0415,retiree,77,2736.3,10,176.8,0.21,1,0,122,0,705.0,0.66,0.26,0.7,0,84,Low
U_0416,retiree,61,1178.84,7,86.57,0.09,1,0,33,0,671.0,0.86,0.05,0.8,0,112,Low
U_0417,retiree,67,908.44,6,100.29,0.03,1,0,119,0,623.0,0.85,0.1,0.91,0,62,Low
U_0418,retiree,69,1416.76,10,103.41,0.13,0,0,82,0,637.0,0.61,0.06,0.57,1,80,Low
U_0419,retiree,84,2616.81,6,61.19,0.51,1,0,178,0,704.0,0.73,0.04,0.77,0,51,Low
U_0420,retiree,73,2430.08,3,154.3,0.28,1,0,234,0,627.0,0.37,0.02,0.71,0,32,Low
U_0421,retiree,69,2361.05,10,86.64,0.86,4,0,68,0,645.0,0.53,0.09,0.67,0,31,Moderate
U_0422,retiree,67,872.76,7,19.61,0.13,1,0,204,0,646.0,0.65,0.1,0.89,0,83,Low
U_0423,retiree,76,1673.27,4,185.38,0.09,0,0,85,0,668.0,0.77,0.1,0.89,0,46,Low
U_0424,retiree,75,2091.14,7,76.45,0.41,0,0,238,0,736.0,0.67,0.09,0.89,0,112,Low
U_0425,retiree,62,1427.15,6,83.45,0.17,0,0,170,0,721.0,0.53,0.22,0.84,0,52,Low
U_0426,retiree,80,1295.25,9,49.28,0.02,1,0,155,0,623.0,0.89,0.09,0.85,0,111,Low
U_0427,retiree,60,1843.01,7,35.14,0.25,0,0,177,0,724.0,0.73,0.11,0.85,0,101,Low
U_0428,retiree,85,2874.61,8,145.42,0.17,1,0,132,0,736.0,0.81,0.2,0.83,0,82,Low
U_0429,retiree,68,1280.06,8,67.41,0.03,1,0,173,0,633.0,0.37,0.19,0.75,0,108,Low
U_0430,retiree,71,2035.21,150,61.41,0.01,5,0,100,0,709.0,0.85,0.34,0.85,0,67,Moderate
U_0431,retiree,68,2209.31,9,173.68,0.3,1,0,191,0,712.0,0.51,0.06,0.71,0,62,Low
U_0432,retiree,66,1129.84,7,155.44,0.02,0,0,230,0,731.0,0.37,0.33,0.93,0,75,Low
U_0433,retiree,81,1503.09,7,36.59,0.07,0,0,191,0,685.0,0.42,0.06,0.88,0,77,Low
U_0434,retiree,72,1654.2,4,16.71,0.14,0,0,111,0,714.0,0.73,0.23,0.94,0,92,Low
U_0435,retiree,80,2526.77,7,182.24,0.54,1,0,153,0,659.0,0.41,0.2,0.84,0,108,Low
U_0436,retiree,77,1198.5,10,28.54,0.55,0,0,213,2,654.0,0.55,0.23,0.91,0,47,Low
U_0437,retiree,81,2779.1,8,134.34,0.15,0,0,114,0,649.0,0.69,0.12,0.88,0,77,Low
U_0438,retiree,85,2751.06,16,80.62,0.28,1,0,142,0,731.0,0.4,0.06,0.85,0,105,Low
U_0439,retiree,78,2076.69,10,127.92,0.29,1,0,73,0,685.0,0.47,0.2,0.61,0,72,Low
U_0440,retiree,76,1456.38,6,20.27,0.03,0,0,59,0,749.0,0.63,0.07,0.77,0,96,Low
U_0441,retiree,74,1115.09,0,173.85,0.4,0,0,223,0,631.0,0.7,0.29,0.46,0,46,Low
U_0442,retiree,70,2195.9,8,10.9,0.07,1,0,77,0,719.0,0.66,0.06,0.72,0,44,Low
U_0443,retiree,75,2527.46,7,158.15,0.01,0,0,181,0,676.0,0.54,0.2,0.76,0,78,Low
U_0444,retiree,75,1643.3,8,17.17,0.06,0,0,211,0,669.0,0.69,0.02,0.98,0,65,Low
U_0445,retiree,84,2633.1,5,46.21,0.12,0,0,184,0,715.0,0.6,0.04,0.87,0,68,Low
U_0446,retiree,69,1083.65,11,82.87,0.11,1,0,66,0,628.0,0.56,0.15,0.63,0,61,Low
U_0447,retiree,74,2401.23,10,123.31,0.15,1,0,135,0,735.0,0.6,0.08,0.86,1,67,Low
U_0448,retiree,75,1590.35,9,45.8,0.33,1,0,28,0,650.0,0.55,0.03,0.89,0,40,Low
U_0449,retiree,66,2414.97,5,122.04,0.11,0,0,55,0,668.0,0.94,0.17,0.89,0,28,Low
U_0450,retiree,72,2728.4,3,58.6,0.48,0,0,176,1,749.0,0.39,0.07,0.69,0,107,Low
U_0451,retiree,60,906.12,9,32.0,0.36,1,0,121,0,636.0,0.8,0.17,0.61,0,113,Low
U_0452,retiree,64,1252.09,2,140.29,0.05,0,0,101,0,675.0,0.77,0.06,0.85,0,90,Low
U_0453,retiree,68,2170.16,8,143.14,0.79,1,0,236,0,737.0,0.73,0.18,0.72,0,103,Low
U_0454,retiree,63,1421.95,6,159.1,0.03,1,0,74,0,699.0,0.34,0.14,0.88,0,90,Low
U_0455,retiree,66,1587.43,6,87.85,0.16,0,0,34,0,691.0,0.41,0.08,0.84,0,112,Low
U_0456,retiree,75,1527.33,10,10.52,0.36,0,0,52,0,729.0,0.93,0.03,0.85,0,43,Low
U_0457,retiree,62,2514.96,9,24.26,0.59,0,0,89,0,704.0,0.73,0.05,0.88,0,61,Low
U_0458,retiree,68,1821.41,4,28.96,0.05,0,0,34,0,731.0,0.72,0.07,0.99,0,110,Low
U_0459,retiree,70,1737.19,4,32.02,0.17,0,0,26,0,731.0,0.62,0.19,0.82,0,45,Low
U_0460,retiree,70,1586.56,8,93.17,0.09,1,0,211,0,632.0,0.73,0.0,0.87,0,47,Low
U_0461,retiree,63,1681.71,8,192.84,0.07,7,1,237,0,670.0,0.43,0.17,0.93,0,77,Low
U_0462,retiree,80,2749.47,9,41.69,0.15,0,0,202,0,714.0,0.4,0.03,0.9,1,44,Low
U_0463,retiree,63,1715.26,12,122.24,0.74,4,0,70,0,699.0,0.63,0.04,0.72,0,102,Moderate
U_0464,retiree,60,2697.67,10,177.19,0.04,0,0,147,0,740.0,0.63,0.04,0.75,0,76,Low
U_0465,retiree,74,901.14,5,59.71,0.22,1,0,27,0,712.0,0.65,0.34,0.77,0,119,Low
U_0466,retiree,78,2392.3,150,26.28,0.36,5,0,156,0,688.0,0.3,0.03,0.8,0,36,Moderate
U_0467,retiree,73,2255.77,14,57.23,0.04,1,0,193,0,708.0,0.64,0.04,0.81,0,95,Low
U_0468,retiree,79,920.05,11,132.25,0.29,0,0,153,0,730.0,0.68,0.2,0.82,0,45,Low
U_0469,retiree,62,2453.15,9,70.92,0.0,1,0,95,0,627.0,0.75,0.05,0.78,0,106,Low
U_0470,retiree,72,1687.21,8,54.65,0.14,1,0,137,0,724.0,0.63,0.12,0.93,0,87,Low
U_0471,retiree,74,1495.34,3,196.33,0.06,0,0,50,0,672.0,0.77,0.16,0.71,0,94,Low
U_0472,retiree,60,2617.0,7,160.44,0.03,1,0,154,0,693.0,0.84,0.42,0.86,0,82,Low
U_0473,retiree,70,1599.35,9,20.31,0.42,0,0,240,0,679.0,0.91,0.14,0.81,0,103,Low
U_0474,retiree,79,1840.89,12,134.86,0.4,1,0,53,0,633.0,0.9,0.34,0.74,0,24,Low
U_0475,retiree,70,1581.31,10,130.4,0.0,1,0,164,0,688.0,0.72,0.24,0.83,0,29,Low
U_0476,retiree,65,1883.33,7,166.15,0.21,1,0,51,0,653.0,0.49,0.29,0.89,0,39,Low
U_0477,retiree,72,1274.3,13,166.67,0.09,0,0,207,0,664.0,0.55,0.0,0.92,0,29,Low
U_0478,retiree,80,2642.43,12,121.87,0.09,1,0,141,0,706.0,0.42,0.01,0.88,1,41,Low
U_0479,retiree,75,809.54,5,149.88,0.43,1,0,238,0,696.0,0.57,0.05,0.88,0,46,Low
U_0480,retiree,82,2072.82,10,148.79,0.49,0,0,50,0,670.0,0.68,0.03,0.87,0,65,Low
U_0481,retiree,76,2739.06,7,89.55,0.07,0,0,94,0,672.0,0.44,0.33,0.62,0,61,Low
U_0482,retiree,74,2570.55,4,36.25,0.38,1,0,239,0,711.0,0.65,0.06,0.87,0,115,Low
U_0483,retiree,83,2858.13,5,130.19,0.23,0,0,77,0,701.0,0.57,0.01,0.86,0,68,Low
U_0484,retiree,81,1091.88,10,144.98,0.37,0,0,152,0,691.0,0.48,0.04,0.68,0,114,Low
U_0485,retiree,63,2473.71,9,116.83,0.12,1,0,196,0,717.0,0.57,0.14,0.75,0,60,Low
U_0486,retiree,73,2578.27,4,109.32,0.34,0,0,121,0,639.0,0.66,0.16,0.8,0,49,Low
U_0487,retiree,68,2450.41,8,40.58,0.73,4,0,198,0,653.0,0.72,0.08,0.93,0,112,Moderate
U_0488,retiree,85,1449.31,6,153.18,0.2,0,0,115,0,726.0,0.96,0.05,0.92,0,110,Low
U_0489,retiree,83,2036.15,7,52.62,0.12,1,0,84,0,686.0,0.92,0.24,0.94,0,113,Low
U_0490,retiree,69,2324.46,14,18.93,0.12,1,0,123,0,674.0,0.76,0.04,0.88,0,111,Low
U_0491,retiree,70,2924.83,8,20.22,0.24,1,0,75,0,701.0,0.56,0.07,0.51,0,80,Low
U_0492,retiree,67,2805.27,12,143.88,0.6,1,0,217,0,696.0,0.78,0.12,0.96,0,49,Low
U_0493,retiree,84,2394.81,8,46.76,0.28,1,0,69,0,748.0,0.58,0.03,0.84,0,46,Low
U_0494,retiree,83,1930.46,4,81.67,0.01,1,0,95,0,692.0,0.68,0.17,0.57,0,98,Low
U_0495,retiree,68,812.42,12,98.6,0.36,0,0,34,0,640.0,0.6,0.02,0.78,0,30,Low
U_0496,retiree,84,2851.24,10,126.97,0.37,1,0,149,0,723.0,0.69,0.08,0.69,0,33,Low
U_0497,retiree,85,2356.9,11,109.83,0.43,0,0,157,0,629.0,0.88,0.18,0.74,0,77,Low
U_0498,retiree,77,1981.48,11,27.47,0.09,0,0,78,0,706.0,0.4,0.05,0.82,0,61,Low
U_0499,retiree,66,2890.68,11,127.47,0.31,1,0,167,0,727.0,0.65,0.21,0.37,1,25,Low
U_0500,retiree,63,2271.66,5,94.68,0.1,0,0,34,0,709.0,0.77,0.21,0.68,0,38,Low
U_0501,contractor,37,2539.54,37,295.11,0.41,0,1,69,3,637.0,0.72,0.41,0.71,1,37,Moderate
U_0502,contractor,26,2778.6,24,267.58,0.39,2,0,68,0,711.0,0.66,0.61,0.46,0,40,Low
U_0503,contractor,42,1043.98,24,44.88,0.05,1,0,90,1,692.0,0.17,0.16,0.32,0,33,Low
U_0504,contractor,45,5900.53,26,47.41,0.17,1,0,6,1,672.0,0.4,0.18,0.48,0,10,Low
U_0505,contractor,26,2067.95,21,115.73,0.28,0,0,76,0,705.0,0.19,0.34,0.51,1,34,Low
U_0506,contractor,45,3426.69,25,140.23,0.32,3,0,89,0,641.0,0.71,0.36,0.73,1,45,Low
U_0507,contractor,27,5535.76,31,242.53,0.27,0,0,48,2,568.0,0.56,0.35,0.3,2,25,Low
U_0508,contractor,44,1519.03,18,310.8,0.2,3,0,51,1,690.0,0.27,0.59,0.44,0,16,Low
U_0509,contractor,42,2319.19,25,303.77,0.19,2,0,84,0,601.0,0.59,0.2,0.57,2,47,Low
U_0510,contractor,36,6744.35,22,24.24,0.14,1,0,18,0,551.0,0.34,0.35,0.71,1,40,Low
U_0511,contractor,42,6681.88,34,135.78,0.3,2,0,30,1,704.0,0.44,0.73,0.49,2,15,Low
U_0512,contractor,30,2103.96,26,254.42,0.28,9,1,27,0,581.0,0.67,0.17,0.76,2,9,Moderate
U_0513,contractor,52,5506.25,26,396.23,0.4,3,0,85,2,562.0,0.4,0.39,0.52,1,22,Moderate
U_0514,contractor,28,2184.51,34,240.63,0.12,2,0,48,0,664.0,0.34,0.23,0.63,0,24,Low
U_0515,contractor,44,1418.85,26,93.53,0.32,3,0,60,1,655.0,0.54,0.19,0.59,1,43,Low
U_0516,contractor,29,4393.31,20,158.51,0.31,2,0,57,0,551.0,0.63,0.16,0.68,0,20,Low
U_0517,contractor,47,5438.9,36,185.73,0.25,2,0,20,2,675.0,0.52,0.34,0.49,2,35,Low
U_0518,contractor,39,3152.45,25,136.08,0.1,0,0,25,2,653.0,0.52,0.41,0.53,2,14,Low
U_0519,contractor,53,4231.71,28,120.03,0.19,0,0,96,0,702.0,0.67,0.72,0.52,2,46,Low
U_0520,contractor,25,5875.85,30,239.98,0.56,1,0,7,2,594.0,0.38,0.05,0.58,2,40,Moderate
U_0521,contractor,40,4923.45,23,76.48,0.03,3,0,31,2,675.0,0.76,0.36,0.48,0,35,Low
U_0522,contractor,41,4062.47,25,170.78,0.32,0,0,87,0,694.0,0.88,0.55,0.6,2,45,Low
U_0523,contractor,46,1995.06,28,215.37,0.3,3,0,23,0,646.0,0.53,0.39,0.25,1,15,Low
U_0524,contractor,48,5392.03,31,376.89,0.04,0,0,31,1,589.0,0.56,0.15,0.28,0,20,Low
U_0525,contractor,26,5011.51,20,216.8,0.28,2,0,52,1,706.0,0.53,0.14,0.51,2,8,Low
U_0526,contractor,45,2944.43,21,287.42,0.5,2,0,36,2,643.0,0.84,0.36,0.4,0,47,Moderate
U_0527,contractor,37,3191.78,21,268.27,0.08,0,0,69,1,614.0,0.72,0.66,0.69,2,39,Low
U_0528,contractor,37,3117.39,27,349.73,0.55,3,0,64,2,551.0,0.58,0.48,0.25,2,34,Moderate
U_0529,contractor,30,2379.94,32,215.53,0.23,2,0,30,0,582.0,0.25,0.54,0.59,1,13,Low
U_0530,contractor,46,2382.08,30,328.25,0.18,0,0,64,2,631.0,0.18,0.12,0.51,0,16,Low
U_0531,contractor,45,6000.19,26,28.53,0.07,8,1,19,2,651.0,0.31,0.3,0.45,0,38,Moderate
U_0532,contractor,26,6344.79,22,75.81,0.13,1,0,36,0,638.0,0.57,0.44,0.5,1,42,Low
U_0533,contractor,45,1111.72,26,293.43,0.26,2,0,13,0,626.0,0.72,0.17,0.67,2,36,Low
U_0534,contractor,30,2316.18,24,176.09,0.08,1,0,77,0,656.0,0.41,0.28,0.49,1,16,Low
U_0535,contractor,48,5113.55,27,370.49,0.49,0,0,32,1,616.0,0.32,0.55,0.26,0,18,Low
U_0536,contractor,41,6157.55,24,211.66,0.32,3,0,22,2,566.0,0.73,0.52,0.32,1,45,Low
U_0537,contractor,44,1234.22,24,317.87,0.12,6,1,14,1,662.0,0.43,0.39,0.53,2,40,Moderate
U_0538,contractor,51,1007.2,21,376.34,0.09,3,0,69,1,613.0,0.47,0.29,0.55,0,39,Low
U_0539,contractor,38,2376.92,26,324.87,0.59,3,0,47,2,687.0,0.37,0.36,0.34,2,42,Moderate
U_0540,contractor,28,3552.94,22,116.72,0.23,1,0,13,1,652.0,0.26,0.16,0.73,1,22,Low
U_0541,contractor,31,1032.82,28,302.59,0.47,0,0,76,2,570.0,0.38,0.56,0.16,0,47,Low
U_0542,contractor,31,5126.6,31,140.04,0.69,2,0,16,0,622.0,0.34,0.37,0.44,1,22,Moderate
U_0543,contractor,52,4216.63,24,234.57,0.19,2,0,90,1,678.0,0.59,0.46,0.43,1,41,Low
U_0544,contractor,40,2072.32,28,232.46,0.11,3,0,35,1,648.0,0.59,0.62,0.63,2,31,Low
U_0545,contractor,48,1828.41,25,348.26,0.32,0,0,32,1,683.0,0.73,0.44,0.56,2,12,Low
U_0546,contractor,31,4050.06,33,318.71,0.45,0,0,23,1,714.0,0.79,0.31,0.39,0,11,Low
U_0547,contractor,51,1871.97,25,371.83,0.14,3,0,14,0,595.0,0.57,0.2,0.55,1,44,Low
U_0548,contractor,26,5346.97,150,186.83,0.3,5,0,81,2,639.0,0.45,0.36,0.55,2,44,Moderate
U_0549,contractor,26,6674.3,20,331.69,0.46,3,0,59,0,584.0,0.41,0.13,0.45,1,39,Low
U_0550,contractor,34,2168.48,17,317.9,0.13,1,0,81,0,665.0,0.54,0.47,0.36,1,47,Low
U_0551,contractor,25,6853.88,150,26.5,0.18,5,0,54,1,664.0,0.49,0.25,0.55,1,18,Moderate
U_0552,contractor,41,1092.2,28,287.38,0.37,0,0,73,1,673.0,0.41,0.26,0.16,1,43,Low
U_0553,contractor,36,3084.85,26,329.9,0.43,1,0,80,0,627.0,0.63,0.39,0.62,1,6,Low
U_0554,contractor,33,2050.21,28,212.37,0.64,0,0,67,1,608.0,0.71,0.28,0.45,0,38,Low
U_0555,contractor,55,2546.16,20,224.4,0.07,2,0,91,1,714.0,0.51,0.28,0.57,1,21,Low
U_0556,contractor,49,3037.96,25,314.73,0.2,3,0,78,0,632.0,0.41,0.46,0.57,0,30,Low
U_0557,contractor,45,5731.94,25,103.75,0.46,1,0,43,1,712.0,0.52,0.55,0.19,1,6,Low
U_0558,contractor,47,5993.06,25,114.34,0.14,0,0,54,2,677.0,0.27,0.49,0.46,1,41,Low
U_0559,contractor,54,2070.91,28,139.27,0.29,1,0,76,1,581.0,0.75,0.39,0.55,2,18,Low
U_0560,contractor,40,5422.67,28,109.25,0.23,1,0,36,0,589.0,0.46,0.38,0.5,2,45,Low
U_0561,contractor,36,1935.97,26,60.54,0.33,0,0,89,2,634.0,0.56,0.51,0.48,0,40,Low
U_0562,contractor,55,1253.58,21,203.27,0.35,2,0,66,2,698.0,0.3,0.6,0.47,1,38,Low
U_0563,contractor,33,3387.28,21,305.06,0.12,1,0,9,2,686.0,0.49,0.35,0.5,1,40,Low
U_0564,contractor,26,4014.85,20,169.61,0.24,1,0,61,0,669.0,0.42,0.62,0.59,1,6,Low
U_0565,contractor,25,5044.62,32,164.18,0.15,0,0,44,1,654.0,0.52,0.33,0.45,0,41,Low
U_0566,contractor,33,2422.83,27,199.11,0.09,2,0,49,0,635.0,0.43,0.32,0.58,0,29,Low
U_0567,contractor,36,6125.96,150,63.13,0.05,5,0,76,0,716.0,0.58,0.3,0.55,1,12,Moderate
U_0568,contractor,48,2619.69,19,109.61,0.37,3,0,51,0,575.0,0.58,0.2,0.67,2,15,Low
U_0569,contractor,40,5834.01,28,87.11,0.34,3,0,20,2,638.0,0.27,0.3,0.8,2,37,Low
U_0570,contractor,34,2505.84,18,346.23,0.53,0,0,53,0,667.0,0.41,0.51,0.67,0,22,Low
U_0571,contractor,40,6033.83,28,56.59,0.3,2,0,36,1,611.0,0.36,0.46,0.5,1,22,Low
U_0572,contractor,36,1119.01,150,33.03,0.09,5,0,76,2,660.0,0.4,0.39,0.85,1,24,Moderate
U_0573,contractor,36,2950.54,26,213.97,0.5,3,0,13,1,654.0,0.23,0.08,0.53,1,15,Low
U_0574,contractor,52,2005.45,24,326.93,0.15,2,0,56,2,654.0,0.68,0.48,0.69,1,10,Low
U_0575,contractor,27,1972.0,33,106.72,0.26,2,0,86,1,671.0,0.5,0.1,0.72,1,31,Low
U_0576,contractor,33,6326.15,23,316.77,0.66,2,0,78,2,714.0,0.24,0.47,0.34,1,17,Moderate
U_0577,contractor,52,1138.61,22,296.55,0.28,2,0,92,2,564.0,0.28,0.23,0.17,0,12,Low
U_0578,contractor,28,1382.75,21,353.9,0.25,0,0,6,1,639.0,0.77,0.31,0.27,2,12,Low
U_0579,contractor,33,4708.61,20,52.04,0.22,3,0,42,0,592.0,0.66,0.33,0.4,0,46,Low
U_0580,contractor,29,1787.66,20,338.64,0.16,0,0,7,2,611.0,0.65,0.59,0.59,2,36,Low
U_0581,contractor,39,6849.89,23,225.42,0.12,2,0,73,1,573.0,0.33,0.17,0.68,2,40,Low
U_0582,contractor,30,4544.99,21,193.49,0.25,9,1,70,2,659.0,0.83,0.57,0.42,1,28,Moderate
U_0583,contractor,40,4238.01,17,325.79,0.44,3,0,42,1,620.0,0.36,0.23,0.24,0,6,Low
U_0584,contractor,25,4139.9,22,308.15,0.72,1,1,47,4,630.0,0.48,0.51,0.32,0,37,Moderate
U_0585,contractor,55,5532.84,24,133.85,0.18,3,0,40,2,589.0,0.29,0.52,0.24,0,29,Low
U_0586,contractor,31,3470.42,23,233.01,0.12,3,0,34,0,672.0,0.38,0.45,0.5,1,30,Low
U_0587,contractor,32,2577.88,18,180.45,0.47,1,0,69,2,687.0,0.2,0.24,0.65,1,24,Low
U_0588,contractor,45,5457.56,26,327.35,0.24,9,1,27,0,581.0,0.47,0.34,0.44,0,46,Moderate
U_0589,contractor,39,4706.38,28,123.41,0.37,3,0,27,1,553.0,0.64,0.26,0.45,0,40,Low
U_0590,contractor,25,2115.63,27,58.86,0.43,2,0,19,2,625.0,0.37,0.46,0.49,0,11,Low
U_0591,contractor,29,1088.35,23,102.53,0.02,3,0,42,1,720.0,0.49,0.31,0.53,1,8,Low
U_0592,contractor,35,1481.34,24,305.22,0.44,1,0,10,2,682.0,0.41,0.75,0.39,0,36,Low
U_0593,contractor,30,2153.15,27,339.78,0.39,3,0,4,0,716.0,0.55,0.3,0.66,2,30,Low
U_0594,contractor,49,6849.83,30,113.92,0.11,0,0,28,1,675.0,0.37,0.27,0.29,0,48,Low
U_0595,contractor,31,3836.95,30,278.95,0.4,2,0,44,0,657.0,0.68,0.49,0.28,0,41,Low
U_0596,contractor,41,1732.85,21,202.87,0.1,2,0,28,1,701.0,0.45,0.77,0.47,2,19,Low
U_0597,contractor,28,2415.8,19,184.98,0.5,0,0,24,1,649.0,0.46,0.28,0.34,1,21,Low
U_0598,contractor,25,6813.01,29,240.81,0.35,3,0,91,2,576.0,0.46,0.28,0.8,2,21,Low
U_0599,contractor,30,3999.52,24,280.66,0.36,2,0,83,0,560.0,0.21,0.34,0.47,1,40,Low
U_0600,contractor,50,1644.35,31,205.38,0.19,2,0,74,2,679.0,0.17,0.55,0.76,2,34,Low
U_0601,gig_worker,43,1094.68,57,106.49,0.26,2,0,18,1,630.0,0.69,0.7,0.23,1,31,Low
U_0602,gig_worker,37,1460.97,52,107.59,0.64,1,1,24,2,520.0,0.7,0.49,0.15,2,20,Moderate
U_0603,gig_worker,47,3392.86,62,138.03,0.13,4,0,21,0,556.0,0.46,0.24,0.34,1,19,Low
U_0604,gig_worker,37,1721.61,49,10.1,0.51,4,0,49,2,487.0,0.48,0.58,0.36,0,26,Moderate
U_0605,gig_worker,44,2632.71,71,54.9,0.18,0,0,69,1,488.0,0.11,0.16,0.22,2,12,Low
U_0606,gig_worker,39,1419.26,67,67.37,0.65,2,0,15,0,555.0,0.28,0.79,0.45,0,11,Moderate
U_0607,gig_worker,25,3544.57,60,38.29,0.47,3,0,25,0,456.0,0.38,0.39,0.3,2,27,Moderate
U_0608,gig_worker,41,2163.67,71,97.36,0.08,4,0,33,0,523.0,0.57,0.33,0.55,2,7,Low
U_0609,gig_worker,20,3748.76,68,39.22,0.75,3,0,11,1,610.0,0.39,0.21,0.34,0,29,Moderate
U_0610,gig_worker,46,1728.65,69,109.18,0.57,4,0,35,2,458.0,0.29,0.58,0.46,0,22,Moderate
U_0611,gig_worker,22,3800.57,65,144.48,0.24,0,0,13,2,496.0,0.32,0.44,0.15,1,15,Low
U_0612,gig_worker,36,2764.76,76,89.8,0.27,1,0,72,2,562.0,0.65,0.51,0.24,2,25,Moderate
U_0613,gig_worker,41,2051.39,64,103.13,0.4,0,0,22,0,560.0,0.53,0.28,0.15,1,13,Low
U_0614,gig_worker,37,3994.36,69,72.02,0.21,2,0,41,2,648.0,0.53,0.33,0.47,1,26,Moderate
U_0615,gig_worker,33,3151.06,62,70.28,0.52,2,0,31,2,559.0,0.35,0.52,0.25,1,19,Moderate
U_0616,gig_worker,31,3861.95,65,72.65,0.27,3,0,1,2,457.0,0.45,0.35,0.05,1,4,Moderate
U_0617,gig_worker,36,886.31,52,134.65,0.28,0,0,39,0,493.0,0.11,0.66,0.13,1,20,Low
U_0618,gig_worker,49,2393.19,61,87.89,0.96,4,1,20,4,458.0,0.36,0.19,0.35,1,11,High
U_0619,gig_worker,28,1721.5,54,91.5,0.53,1,0,33,1,468.0,0.28,0.29,0.24,1,16,Moderate
U_0620,gig_worker,43,677.93,53,55.46,0.48,3,0,23,1,615.0,0.32,0.28,0.51,2,9,Moderate
U_0621,gig_worker,39,2712.12,61,15.23,0.41,4,0,49,0,606.0,0.47,0.8,0.3,3,24,Moderate
U_0622,gig_worker,31,3567.25,59,70.8,0.19,0,0,30,2,581.0,0.33,0.27,0.38,2,3,Low
U_0623,gig_worker,40,3198.71,65,63.55,0.87,4,0,68,0,514.0,0.35,0.28,0.11,2,23,Moderate
U_0624,gig_worker,36,2911.97,51,31.45,0.4,3,0,58,2,565.0,0.12,0.46,0.16,0,30,Moderate
U_0625,gig_worker,29,3230.93,61,30.72,0.42,2,0,11,1,564.0,0.57,0.15,0.04,0,28,Moderate
U_0626,gig_worker,28,706.28,63,80.26,0.42,1,0,18,1,562.0,0.58,0.74,0.21,1,15,Moderate
U_0627,gig_worker,37,2617.59,56,112.99,0.27,1,0,32,0,503.0,0.51,0.43,0.78,1,8,Low
U_0628,gig_worker,23,2818.29,60,69.3,0.56,2,0,25,1,519.0,0.37,0.31,0.28,2,22,Moderate
U_0629,gig_worker,25,3955.55,54,96.27,0.14,3,0,19,1,459.0,0.4,0.59,0.61,2,15,Low
U_0630,gig_worker,41,1745.75,52,116.08,0.33,0,0,15,2,461.0,0.64,0.14,0.62,3,12,Low
U_0631,gig_worker,47,3396.8,69,50.28,0.31,2,0,15,1,540.0,0.57,0.23,0.18,0,16,Moderate
U_0632,gig_worker,43,2336.82,60,38.53,0.37,4,0,34,2,547.0,0.22,0.23,0.42,2,12,Moderate
U_0633,gig_worker,42,2915.52,62,12.57,0.55,4,0,68,0,501.0,0.5,0.29,0.12,0,15,Moderate
U_0634,gig_worker,45,2907.5,56,47.98,0.17,3,0,2,0,528.0,0.46,0.19,0.25,1,26,Low
U_0635,gig_worker,47,788.41,57,50.95,0.49,3,0,30,1,552.0,0.23,0.35,0.1,2,23,Moderate
U_0636,gig_worker,35,3520.38,65,84.42,0.07,1,0,26,2,643.0,0.56,0.32,0.55,2,4,Low
U_0637,gig_worker,21,1290.61,58,84.12,0.65,2,0,63,1,599.0,0.44,0.35,0.41,0,25,Moderate
U_0638,gig_worker,31,2650.83,61,43.07,0.59,4,0,36,0,575.0,0.35,0.8,0.09,3,4,Moderate
U_0639,gig_worker,50,2397.78,69,49.23,0.53,1,0,44,1,581.0,0.5,0.42,0.21,0,27,Moderate
U_0640,gig_worker,36,3858.18,71,95.74,0.86,1,0,54,0,565.0,0.61,0.51,0.75,1,22,Moderate
U_0641,gig_worker,49,2579.33,50,72.88,0.31,1,0,27,2,478.0,0.49,0.12,0.33,1,15,Low
U_0642,gig_worker,47,897.19,59,106.39,0.25,4,0,18,1,649.0,0.58,0.25,0.63,3,12,Moderate
U_0643,gig_worker,40,3758.91,67,138.4,0.39,2,0,9,2,557.0,0.6,0.69,0.37,2,14,Moderate
U_0644,gig_worker,30,3422.28,69,30.37,0.36,0,0,41,1,642.0,0.23,0.56,0.18,1,20,Low
U_0645,gig_worker,24,3204.79,77,24.95,0.88,6,1,4,2,573.0,0.46,0.62,0.29,2,17,High
U_0646,gig_worker,39,1235.86,59,106.23,0.63,2,0,11,2,606.0,0.46,0.45,0.29,0,33,Moderate
U_0647,gig_worker,42,2738.45,48,35.76,0.22,3,0,63,1,478.0,0.67,0.56,0.42,0,5,Low
U_0648,gig_worker,33,3152.34,67,12.1,0.27,2,0,53,0,598.0,0.43,0.53,0.48,3,16,Low
U_0649,gig_worker,22,1037.48,65,143.66,0.42,3,0,63,2,515.0,0.48,0.37,0.18,1,18,Moderate
U_0650,gig_worker,33,1857.52,58,15.86,0.38,3,0,41,1,572.0,0.34,0.11,0.14,2,36,Moderate
U_0651,gig_worker,40,3552.82,60,120.17,0.52,4,0,14,1,541.0,0.27,0.52,0.35,3,18,Moderate
U_0652,gig_worker,36,2336.33,65,147.74,0.22,0,0,72,1,553.0,0.42,0.71,0.08,2,6,Low
U_0653,gig_worker,26,1448.25,63,65.73,0.39,2,0,37,1,483.0,0.21,0.31,0.39,1,6,Moderate
U_0654,gig_worker,42,2261.09,64,29.91,0.24,3,0,12,2,550.0,0.52,0.57,0.18,0,11,Moderate
U_0655,gig_worker,32,1888.81,73,73.12,0.74,4,0,59,2,629.0,0.36,0.52,0.27,3,32,Moderate
U_0656,gig_worker,22,1300.3,40,106.84,0.5,1,0,16,0,473.0,0.57,0.51,0.55,1,26,Low
U_0657,gig_worker,22,2285.74,54,63.77,0.27,4,0,21,1,560.0,0.33,0.32,0.08,0,13,Moderate
U_0658,gig_worker,49,1606.7,71,131.98,0.66,1,0,21,0,486.0,0.41,0.37,0.08,2,29,Moderate
U_0659,gig_worker,29,1514.27,58,117.61,0.08,3,0,37,2,486.0,0.55,0.31,0.2,3,15,Low
U_0660,gig_worker,20,2641.22,51,45.44,0.47,3,0,64,1,559.0,0.76,0.52,0.53,0,34,Moderate
U_0661,gig_worker,27,1180.75,58,102.33,0.62,3,0,53,1,466.0,0.36,0.75,0.17,2,18,Moderate
U_0662,gig_worker,48,2370.43,59,96.77,0.65,4,0,27,0,487.0,0.49,0.39,0.08,0,25,Moderate
U_0663,gig_worker,21,923.35,53,14.54,0.67,4,0,39,1,634.0,0.5,0.31,0.26,0,29,Moderate
U_0664,gig_worker,25,980.81,55,49.81,0.75,4,0,72,0,643.0,0.2,0.42,0.29,2,26,Moderate
U_0665,gig_worker,49,529.02,57,117.59,0.42,2,0,48,1,614.0,0.45,0.4,0.03,2,7,Moderate
U_0666,gig_worker,29,2094.94,59,27.08,0.47,2,0,43,2,533.0,0.62,0.59,0.39,1,16,Moderate
U_0667,gig_worker,39,609.46,48,89.99,0.53,4,0,12,1,595.0,0.39,0.28,0.22,2,21,Moderate
U_0668,gig_worker,33,2591.84,56,54.31,0.55,4,0,46,0,573.0,0.12,0.42,0.27,1,34,Moderate
U_0669,gig_worker,35,3308.73,63,133.71,0.28,1,0,38,0,450.0,0.43,0.38,0.22,0,10,Low
U_0670,gig_worker,43,3453.05,48,121.94,0.22,3,0,53,0,517.0,0.7,0.67,0.12,2,16,Low
U_0671,gig_worker,20,2706.23,69,106.6,0.43,2,0,9,1,510.0,0.51,0.41,0.51,1,3,Moderate
U_0672,gig_worker,23,2869.01,57,57.79,0.4,4,0,4,0,489.0,0.53,0.17,0.28,2,33,Moderate
U_0673,gig_worker,49,2108.2,45,14.98,0.45,1,0,62,0,575.0,0.25,0.6,0.23,3,24,Low
U_0674,gig_worker,34,3222.36,58,67.95,0.66,0,0,67,1,563.0,0.45,0.29,0.24,2,4,Moderate
U_0675,gig_worker,26,2478.63,59,56.44,0.86,4,0,9,0,506.0,0.26,0.19,0.31,0,27,Moderate
U_0676,gig_worker,40,2323.38,67,33.24,0.44,4,0,50,2,569.0,0.44,0.53,0.07,3,22,Moderate
U_0677,gig_worker,42,3488.15,62,109.38,0.5,2,0,53,0,549.0,0.13,0.22,0.17,1,31,Moderate
U_0678,gig_worker,46,3822.62,36,40.26,0.53,2,0,23,0,525.0,0.35,0.51,0.5,0,15,Low
U_0679,gig_worker,49,733.37,67,80.84,0.51,3,0,65,0,488.0,0.71,0.36,0.14,3,36,Moderate
U_0680,gig_worker,29,3191.92,60,30.06,0.59,0,0,67,2,649.0,0.29,0.23,0.16,1,5,Moderate
U_0681,gig_worker,34,1795.32,53,131.07,0.27,0,0,1,1,636.0,0.37,0.36,0.43,2,8,Low
U_0682,gig_worker,30,2080.75,46,16.46,0.68,4,0,40,0,566.0,0.67,0.34,0.37,1,16,Moderate
U_0683,gig_worker,30,1122.0,66,50.12,0.54,4,0,41,1,584.0,0.51,0.64,0.48,1,13,Moderate
U_0684,gig_worker,28,812.06,60,144.16,0.62,4,0,66,0,491.0,0.39,0.57,0.28,1,23,Moderate
U_0685,gig_worker,28,909.6,50,108.61,0.28,2,0,32,0,464.0,0.63,0.51,0.27,2,24,Low
U_0686,gig_worker,37,1997.13,76,28.21,0.26,3,0,7,0,527.0,0.24,0.49,0.47,0,28,Low
U_0687,gig_worker,25,2936.84,61,134.78,0.39,3,0,46,1,516.0,0.42,0.17,0.18,0,8,Moderate
U_0688,gig_worker,49,3120.67,57,75.2,0.56,1,0,12,2,544.0,0.3,0.72,0.14,1,32,Moderate
U_0689,gig_worker,35,1234.1,52,41.33,0.73,4,0,34,1,528.0,0.43,0.58,0.07,2,24,Moderate
U_0690,gig_worker,45,3498.85,65,55.47,0.38,3,0,4,0,545.0,0.22,0.23,0.59,1,32,Moderate
U_0691,gig_worker,47,1014.89,67,117.51,0.21,4,0,17,2,471.0,0.49,0.63,0.09,2,9,Moderate
U_0692,gig_worker,30,2402.14,57,19.93,0.4,2,0,69,2,530.0,0.72,0.49,0.57,1,18,Moderate
U_0693,gig_worker,37,972.47,71,77.53,0.78,0,0,44,0,613.0,0.49,0.52,0.18,2,30,Moderate
U_0694,gig_worker,38,3234.38,57,86.23,0.54,1,0,23,2,584.0,0.53,0.65,0.17,2,34,Moderate
U_0695,gig_worker,23,2531.79,71,74.81,0.54,4,0,13,1,485.0,0.29,0.2,0.04,3,7,Moderate
U_0696,gig_worker,39,791.48,61,123.97,0.32,3,0,42,1,579.0,0.2,0.54,0.04,0,16,Moderate
U_0697,gig_worker,46,900.1,84,91.31,0.74,0,0,19,2,480.0,0.37,0.56,0.05,1,27,Moderate
U_0698,gig_worker,39,2480.55,59,37.39,0.42,2,0,39,2,609.0,0.41,0.67,0.21,2,30,Moderate
U_0699,gig_worker,42,3937.29,62,58.2,0.48,0,0,2,2,647.0,0.54,0.64,0.28,1,11,Moderate
U_0700,gig_worker,47,1459.06,64,61.69,0.72,4,0,7,0,591.0,0.28,0.5,0.3,2,25,Moderate
U_0701,self_employed,35,13126.85,78,1042.85,0.13,1,0,116,4,671.0,0.68,0.2,0.52,1,30,Moderate
U_0702,self_employed,53,6651.13,79,667.79,0.23,5,0,50,3,625.0,0.84,0.32,0.41,1,29,Moderate
U_0703,self_employed,54,3582.61,97,1197.02,0.88,7,1,38,1,602.0,0.7,0.23,0.77,1,15,High
U_0704,self_employed,59,10382.01,60,1170.72,0.26,1,0,27,1,716.0,0.29,0.04,0.68,1,35,Low
U_0705,self_employed,55,9913.85,77,561.64,0.6,3,0,147,3,669.0,0.45,0.28,0.41,0,33,Moderate
U_0706,self_employed,28,9302.17,77,1020.76,0.95,1,1,188,4,648.0,0.38,0.08,0.86,2,42,High
U_0707,self_employed,51,1951.74,65,74.3,0.37,3,0,186,2,620.0,0.75,0.09,0.57,1,11,Moderate
U_0708,self_employed,37,11357.5,84,645.9,0.46,2,0,125,1,614.0,0.56,0.39,0.65,2,11,Moderate
U_0709,self_employed,43,7878.1,79,897.77,0.57,5,0,25,4,744.0,0.49,0.07,0.63,1,9,Moderate
U_0710,self_employed,49,8722.95,83,42.62,0.71,3,0,137,3,703.0,0.56,0.57,0.67,1,28,Moderate
U_0711,self_employed,46,5404.31,68,71.33,0.25,4,0,197,2,731.0,0.92,0.43,0.71,1,9,Moderate
U_0712,self_employed,58,9304.9,78,700.25,0.55,5,0,80,4,605.0,0.56,0.26,0.42,1,14,Moderate
U_0713,self_employed,60,2537.64,79,947.0,0.36,2,0,39,4,651.0,0.64,0.34,0.84,2,6,Moderate
U_0714,self_employed,35,9651.59,83,1094.85,0.61,5,0,44,3,667.0,0.39,0.41,0.73,0,21,Moderate
U_0715,self_employed,59,3940.92,86,647.04,0.75,0,0,93,0,774.0,0.77,0.07,0.67,1,15,Moderate
U_0716,self_employed,59,11662.28,73,513.15,0.65,3,0,66,3,731.0,0.74,0.35,0.52,0,42,Moderate
U_0717,self_employed,50,2233.4,81,339.34,0.51,0,0,19,1,684.0,0.66,0.42,0.68,1,36,Moderate
U_0718,self_employed,42,6627.31,79,855.56,0.29,3,0,73,1,695.0,0.78,0.27,0.58,1,24,Moderate
U_0719,self_employed,56,6657.06,84,399.36,0.12,4,0,180,0,618.0,0.78,0.49,0.96,1,28,Low
U_0720,self_employed,55,9741.56,76,792.92,0.16,2,0,91,2,648.0,0.27,0.27,0.69,0,47,Moderate
U_0721,self_employed,53,7724.97,83,820.09,0.69,1,0,193,4,739.0,0.6,0.19,0.59,1,17,Moderate
U_0722,self_employed,48,8892.77,88,817.18,0.27,0,0,9,3,618.0,0.76,0.21,0.81,0,34,Moderate
U_0723,self_employed,50,4462.12,86,361.46,0.12,1,0,14,0,711.0,0.48,0.17,0.68,0,44,Low
U_0724,self_employed,41,14331.6,69,776.56,0.34,5,0,36,0,754.0,0.44,0.29,0.65,0,48,Moderate
U_0725,self_employed,39,13596.02,98,843.91,0.39,2,0,81,3,719.0,0.51,0.58,0.37,0,35,Moderate
U_0726,self_employed,45,11886.35,90,839.9,0.51,5,0,203,2,646.0,0.38,0.08,0.57,2,23,Moderate
U_0727,self_employed,31,6667.79,75,419.21,0.02,0,0,72,2,632.0,0.54,0.08,0.77,0,18,Low
U_0728,self_employed,53,3908.97,79,605.71,0.23,1,0,144,3,639.0,0.64,0.35,0.54,1,34,Moderate
U_0729,self_employed,44,2894.38,93,115.32,0.23,4,0,192,2,740.0,0.73,0.16,0.36,0,37,Moderate
U_0730,self_employed,37,10313.68,91,31.02,0.55,0,0,176,3,648.0,0.93,0.1,0.71,2,31,Moderate
U_0731,self_employed,28,8457.67,79,1129.7,0.44,3,0,128,3,673.0,0.75,0.02,0.72,2,10,Moderate
U_0732,self_employed,42,1544.65,65,1146.36,0.7,3,0,37,4,696.0,0.52,0.54,0.47,2,27,Moderate
U_0733,self_employed,47,6908.3,80,769.76,0.64,5,0,29,2,696.0,0.57,0.43,0.68,2,11,Moderate
U_0734,self_employed,57,11766.12,92,369.25,0.37,1,0,51,4,607.0,0.44,0.45,0.73,1,18,Moderate
U_0735,self_employed,47,10894.41,67,1078.86,0.14,5,0,182,2,688.0,0.8,0.22,0.6,2,34,Moderate
U_0736,self_employed,40,3389.23,88,255.92,0.28,5,0,157,1,688.0,0.68,0.36,0.45,0,40,Moderate
U_0737,self_employed,47,8245.74,83,1159.0,0.68,3,0,10,0,661.0,0.67,0.49,0.87,1,8,Moderate
U_0738,self_employed,53,3095.53,89,974.31,0.16,5,0,139,3,769.0,0.65,0.13,0.33,2,40,Moderate
U_0739,self_employed,37,11504.2,81,302.59,0.2,0,0,15,1,688.0,0.66,0.28,0.46,0,45,Low
U_0740,self_employed,30,4776.21,97,789.08,0.47,0,0,50,0,763.0,0.67,0.44,0.88,2,12,Moderate
U_0741,self_employed,57,9751.55,82,1007.36,0.17,0,0,215,0,621.0,0.75,0.11,0.53,1,45,Low
U_0742,self_employed,42,2351.99,73,267.09,0.14,2,0,213,3,658.0,0.51,0.52,0.46,2,42,Moderate
U_0743,self_employed,36,5841.46,84,1158.69,0.29,1,0,201,0,707.0,0.34,0.13,0.37,1,13,Low
U_0744,self_employed,45,3406.7,66,515.73,0.24,5,0,100,4,630.0,0.69,0.15,0.7,0,43,Moderate
U_0745,self_employed,30,3300.51,68,955.53,0.13,5,0,162,3,740.0,0.48,0.25,0.73,0,37,Moderate
U_0746,self_employed,33,1585.72,65,239.91,0.73,0,0,186,4,760.0,0.73,0.03,0.63,1,36,Moderate
U_0747,self_employed,36,4283.16,75,778.6,0.34,4,0,121,3,643.0,0.85,0.21,0.72,0,8,Moderate
U_0748,self_employed,39,11182.18,82,746.1,0.6,0,0,166,2,663.0,0.26,0.03,0.82,0,21,Moderate
U_0749,self_employed,40,3086.36,97,650.33,0.58,0,0,164,2,755.0,0.87,0.24,0.65,2,38,Moderate
U_0750,self_employed,42,7766.92,69,762.96,0.42,1,0,76,0,635.0,0.53,0.25,0.61,2,36,Low
U_0751,self_employed,59,3880.37,91,814.07,0.33,0,0,19,2,651.0,0.68,0.2,0.88,1,27,Moderate
U_0752,self_employed,57,2084.79,81,896.29,0.17,4,0,51,1,741.0,0.71,0.25,0.74,1,13,Moderate
U_0753,self_employed,32,13583.57,73,874.04,0.85,4,0,154,2,675.0,0.65,0.48,0.54,2,26,Moderate
U_0754,self_employed,42,12016.17,84,411.57,0.7,0,0,66,3,757.0,0.69,0.24,0.83,1,20,Moderate
U_0755,self_employed,32,7858.37,77,596.76,0.44,3,0,43,1,767.0,0.66,0.19,0.78,1,30,Moderate
U_0756,self_employed,51,3341.46,348,436.1,0.24,5,0,97,2,636.0,0.82,0.19,0.47,0,42,High
U_0757,self_employed,31,5288.16,69,160.0,0.41,3,0,123,3,631.0,0.64,0.23,0.63,1,24,Moderate
U_0758,self_employed,38,12158.88,71,776.46,0.39,4,0,237,1,704.0,0.69,0.31,0.51,1,20,Moderate
U_0759,self_employed,33,7057.9,99,640.47,0.53,1,0,157,3,751.0,0.58,0.21,0.88,0,33,Moderate
U_0760,self_employed,43,4845.72,70,538.07,0.44,1,0,234,4,770.0,0.64,0.07,0.72,2,6,Moderate
U_0761,self_employed,54,14732.48,78,76.87,0.24,3,0,193,4,606.0,0.52,0.41,0.53,1,36,Moderate
U_0762,self_employed,34,7607.96,82,311.4,0.66,4,0,198,0,725.0,0.42,0.45,0.8,1,19,Moderate
U_0763,self_employed,36,6338.48,82,309.7,0.39,0,0,10,3,720.0,0.72,0.16,0.47,0,35,Moderate
U_0764,self_employed,29,14681.68,83,572.6,0.56,1,0,229,3,633.0,0.58,0.1,0.67,2,46,Moderate
U_0765,self_employed,57,11002.68,91,31.6,0.55,5,0,24,3,761.0,0.69,0.2,0.53,1,8,Moderate
U_0766,self_employed,46,7249.68,80,345.65,0.48,4,0,144,4,743.0,0.3,0.48,0.69,2,11,Moderate
U_0767,self_employed,49,11432.77,96,94.13,0.43,5,0,99,0,620.0,0.68,0.29,0.79,1,45,Moderate
U_0768,self_employed,30,6435.21,89,235.06,0.6,4,0,186,0,701.0,0.57,0.24,0.7,2,14,Moderate
U_0769,self_employed,49,4721.54,77,162.86,0.87,3,0,194,4,757.0,0.48,0.12,0.71,2,20,High
U_0770,self_employed,48,6261.61,92,342.81,0.49,5,0,114,2,610.0,0.48,0.34,0.53,1,34,Moderate
U_0771,self_employed,59,8269.58,76,1000.58,0.42,3,0,187,1,722.0,0.6,0.52,0.65,1,24,Moderate
U_0772,self_employed,56,9882.84,84,965.89,0.29,5,0,213,0,634.0,0.69,0.37,0.41,2,11,Moderate
U_0773,self_employed,33,6774.21,71,239.21,0.09,0,0,33,1,650.0,0.89,0.08,0.56,1,37,Low
U_0774,self_employed,37,13312.41,73,639.2,0.41,5,0,11,2,675.0,0.66,0.3,0.81,1,14,Moderate
U_0775,self_employed,58,6180.45,80,549.32,0.42,5,0,11,2,634.0,0.71,0.22,0.89,0,20,Moderate
U_0776,self_employed,49,7057.84,70,431.07,0.07,5,0,207,2,688.0,0.72,0.38,0.68,1,39,Moderate
U_0777,self_employed,56,7683.1,86,693.68,0.54,2,0,49,2,641.0,0.79,0.1,0.45,1,24,Moderate
U_0778,self_employed,31,3502.57,77,362.73,0.73,1,0,164,1,728.0,0.6,0.49,0.77,0,17,Moderate
U_0779,self_employed,37,3676.94,92,166.79,0.17,2,0,153,1,679.0,0.61,0.24,0.8,1,19,Moderate
U_0780,self_employed,30,10484.97,87,1174.29,0.73,1,0,101,3,697.0,0.31,0.03,0.57,0,25,Moderate
U_0781,self_employed,35,13925.86,80,503.34,0.57,3,0,202,1,771.0,0.43,0.05,0.71,2,15,Moderate
U_0782,self_employed,28,14597.03,300,334.5,0.61,5,0,90,2,685.0,0.42,0.27,0.88,0,42,High
U_0783,self_employed,37,12294.28,84,882.4,0.06,3,0,92,0,732.0,0.64,0.29,0.3,2,14,Low
U_0784,self_employed,35,5659.11,76,499.91,0.34,1,0,120,2,617.0,0.43,0.08,0.62,0,47,Moderate
U_0785,self_employed,40,9376.32,66,289.91,0.59,2,0,56,0,615.0,0.55,0.16,0.6,2,48,Moderate
U_0786,self_employed,33,14673.83,92,491.48,0.55,3,0,87,4,709.0,0.66,0.25,0.78,2,48,Moderate
U_0787,self_employed,51,6867.03,97,867.68,0.43,3,0,100,3,667.0,0.52,0.44,0.39,0,28,Moderate
U_0788,self_employed,47,14696.57,84,1052.93,0.37,0,0,61,3,733.0,0.68,0.28,0.58,1,34,Moderate
U_0789,self_employed,46,3711.17,78,881.76,0.82,3,0,192,3,625.0,0.72,0.33,0.73,1,11,Moderate
U_0790,self_employed,37,4305.08,94,585.3,0.35,4,0,91,0,768.0,0.69,0.07,0.28,1,30,Moderate
U_0791,self_employed,33,1589.35,80,777.4,0.59,2,0,112,1,700.0,0.81,0.21,0.89,2,14,Moderate
U_0792,self_employed,40,4011.09,75,476.67,0.26,4,0,131,0,748.0,0.26,0.2,0.35,1,43,Moderate
U_0793,self_employed,47,8170.36,70,895.63,0.29,1,0,12,0,628.0,0.64,0.3,0.92,1,46,Low
U_0794,self_employed,58,3176.39,62,809.12,0.23,2,0,112,1,689.0,0.79,0.42,0.59,1,21,Low
U_0795,self_employed,29,3111.29,85,354.34,0.39,0,0,159,2,705.0,0.66,0.37,0.63,1,22,Moderate
U_0796,self_employed,58,14652.49,74,987.39,0.29,2,0,137,4,603.0,0.68,0.3,0.49,0,43,Moderate
U_0797,self_employed,31,3472.85,78,569.42,0.69,5,0,40,2,629.0,0.9,0.3,0.71,0,32,Moderate
U_0798,self_employed,50,2157.65,97,371.25,0.92,5,0,25,4,635.0,0.5,0.24,0.97,1,12,High
U_0799,self_employed,38,8840.12,84,1050.76,0.33,5,0,210,2,649.0,0.79,0.29,0.82,1,29,Moderate
U_0800,self_employed,34,8714.67,92,441.41,0.34,1,0,9,1,693.0,0.54,0.32,0.6,1,37,Moderate
U_0801,unemployed,44,510.47,15,182.6,0.34,0,0,14,0,501.0,0.77,0.65,0.27,3,36,Low
U_0802,unemployed,57,1034.48,10,190.74,0.3,0,0,27,1,583.0,0.09,0.25,0.04,0,9,Low
U_0803,unemployed,19,719.28,17,65.76,0.23,2,0,9,1,578.0,0.39,0.57,0.15,2,22,Low
U_0804,unemployed,29,1064.84,10,10.61,0.14,0,0,15,0,571.0,0.19,0.22,0.41,0,15,Low
U_0805,unemployed,37,188.02,150,15.2,0.45,5,0,28,2,553.0,0.51,0.35,0.18,0,2,High
U_0806,unemployed,48,1136.0,9,13.29,0.19,0,0,3,2,503.0,0.62,0.53,0.03,0,8,Low
U_0807,unemployed,34,64.92,11,63.82,0.15,0,0,49,0,556.0,0.38,0.25,0.27,4,14,Low
U_0808,unemployed,55,1351.76,10,41.03,0.24,2,0,2,0,429.0,0.33,0.55,0.34,3,18,Low
U_0809,unemployed,55,521.75,6,36.31,0.48,1,0,33,2,414.0,0.17,0.76,0.05,3,1,Low
U_0810,unemployed,51,325.5,13,42.35,0.06,2,0,11,2,401.0,0.33,0.63,0.09,3,14,Low
U_0811,unemployed,50,1276.95,15,97.57,0.16,1,0,29,2,592.0,0.29,0.69,0.32,0,23,Low
U_0812,unemployed,42,636.14,11,105.28,0.08,3,0,8,1,425.0,0.62,0.37,0.3,0,9,Low
U_0813,unemployed,49,1143.41,7,142.42,0.22,0,0,6,1,499.0,0.57,0.29,0.2,1,30,Low
U_0814,unemployed,56,1104.26,14,138.97,0.11,3,0,15,2,481.0,0.33,0.48,0.11,4,28,Low
U_0815,unemployed,30,1285.16,14,179.48,0.23,3,0,44,1,436.0,0.62,0.47,0.53,4,32,Low
U_0816,unemployed,61,157.76,13,90.42,0.45,0,0,8,0,479.0,0.3,0.75,0.34,2,7,Low
U_0817,unemployed,65,1387.94,9,195.68,0.5,0,0,24,0,468.0,0.47,0.12,0.54,2,26,Low
U_0818,unemployed,25,349.3,13,87.82,0.49,3,0,18,2,553.0,0.53,0.43,0.02,2,26,Moderate
U_0819,unemployed,40,713.74,12,122.62,1.0,3,1,32,3,456.0,0.08,0.33,0.26,3,7,High
U_0820,unemployed,25,376.03,8,101.97,0.24,1,0,2,0,548.0,0.45,0.68,0.25,3,32,Low
U_0821,unemployed,61,40.12,10,39.92,0.11,2,0,10,1,524.0,0.49,0.51,0.28,0,5,Low
U_0822,unemployed,60,1127.41,10,154.68,0.32,3,0,13,1,532.0,0.35,0.33,0.29,2,17,Low
U_0823,unemployed,52,515.42,11,172.64,0.39,0,0,49,0,598.0,0.5,0.64,0.19,3,8,Low
U_0824,unemployed,42,675.17,12,171.31,0.46,3,0,30,0,407.0,0.12,0.84,0.19,2,20,Low
U_0825,unemployed,63,246.22,17,88.98,0.65,2,0,46,1,497.0,0.27,0.26,0.38,0,32,Moderate
U_0826,unemployed,60,830.68,13,110.18,0.35,3,0,31,2,571.0,0.53,0.42,0.25,2,26,Low
U_0827,unemployed,34,742.04,17,194.32,0.41,2,0,50,1,464.0,0.52,0.47,0.64,0,3,Low
U_0828,unemployed,26,1255.4,15,73.03,0.1,0,0,49,2,468.0,0.16,0.31,0.26,0,23,Low
U_0829,unemployed,40,617.89,11,16.01,0.44,1,0,16,0,530.0,0.31,0.58,0.25,2,5,Low
U_0830,unemployed,37,171.71,13,38.11,0.41,2,0,3,1,532.0,0.25,0.31,0.09,1,33,Low
U_0831,unemployed,44,399.93,13,140.71,0.07,0,0,21,1,514.0,0.39,0.29,0.21,1,7,Low
U_0832,unemployed,49,150.09,12,136.65,0.18,2,0,32,2,562.0,0.58,0.56,0.33,2,11,Low
U_0833,unemployed,57,449.28,12,194.04,0.47,1,0,32,2,569.0,0.25,0.57,0.5,3,35,Low
U_0834,unemployed,31,431.03,10,14.27,0.51,3,0,52,0,525.0,0.33,0.6,0.14,4,7,Low
U_0835,unemployed,55,505.26,14,18.12,0.15,3,0,28,0,469.0,0.36,0.22,0.11,0,20,Low
U_0836,unemployed,50,1206.19,10,89.42,0.45,2,0,13,1,480.0,0.19,0.67,0.11,2,30,Low
U_0837,unemployed,60,1145.16,10,40.22,0.46,0,0,41,2,503.0,0.23,0.4,0.19,0,32,Low
U_0838,unemployed,31,991.21,14,165.66,0.58,3,0,18,2,507.0,0.21,0.69,0.17,2,28,Moderate
U_0839,unemployed,54,1089.92,7,16.68,0.09,1,0,24,1,430.0,0.36,0.69,0.54,0,20,Low
U_0840,unemployed,45,615.39,16,172.74,0.42,0,0,41,0,569.0,0.35,0.39,0.19,1,19,Low
U_0841,unemployed,59,240.88,11,138.94,0.48,1,0,26,0,423.0,0.19,0.37,0.05,0,16,Low
U_0842,unemployed,37,696.24,16,114.17,0.43,3,0,28,2,581.0,0.28,0.76,0.07,1,18,Low
U_0843,unemployed,26,43.71,16,158.99,0.23,2,0,43,2,435.0,0.05,0.7,0.33,3,32,Low
U_0844,unemployed,19,82.99,19,179.82,0.46,2,0,39,1,573.0,0.19,0.16,0.14,4,27,Low
U_0845,unemployed,41,1007.51,10,177.72,0.1,3,0,54,2,569.0,0.22,0.47,0.36,1,33,Low
U_0846,unemployed,25,782.94,12,166.65,0.24,2,0,32,0,448.0,0.24,0.75,0.29,0,21,Low
U_0847,unemployed,39,1248.5,150,74.38,0.13,5,0,60,1,444.0,0.29,0.5,0.4,0,14,Moderate
U_0848,unemployed,35,659.21,13,54.59,0.49,0,0,32,2,475.0,0.04,0.3,0.22,4,21,Low
U_0849,unemployed,52,635.67,12,138.13,0.39,2,0,57,0,473.0,0.06,0.5,0.09,3,20,Low
U_0850,unemployed,19,968.1,14,181.52,0.63,0,0,54,2,532.0,0.48,0.48,0.45,4,16,Low
U_0851,unemployed,34,829.09,9,65.31,0.22,2,0,58,2,424.0,0.12,0.37,0.53,3,29,Low
U_0852,unemployed,42,11.8,17,192.35,0.31,2,0,20,0,587.0,0.39,0.42,0.2,3,20,Low
U_0853,unemployed,31,1289.13,7,36.24,0.29,3,0,41,1,576.0,0.34,0.4,0.12,3,27,Low
U_0854,unemployed,20,411.05,17,20.62,0.22,3,0,31,2,483.0,0.07,0.29,0.11,3,28,Low
U_0855,unemployed,24,1236.6,12,141.2,0.11,8,1,23,1,520.0,0.13,0.68,0.06,3,21,Moderate
U_0856,unemployed,47,1042.82,13,153.59,0.46,1,0,41,1,558.0,0.14,0.17,0.19,0,26,Low
U_0857,unemployed,30,942.44,10,66.18,0.23,0,0,8,0,450.0,0.62,0.37,0.58,3,9,Low
U_0858,unemployed,56,1028.63,15,159.57,0.33,2,0,29,1,575.0,0.32,0.76,0.2,0,12,Low
U_0859,unemployed,61,889.53,10,68.88,0.24,2,0,13,0,483.0,0.14,0.27,0.45,0,25,Low
U_0860,unemployed,54,336.73,11,189.88,0.61,1,0,59,0,595.0,0.12,0.61,0.08,0,11,Low
U_0861,unemployed,21,601.55,16,88.64,0.53,2,0,10,0,592.0,0.21,0.45,0.25,0,8,Low
U_0862,unemployed,18,1077.88,10,89.86,0.27,3,0,53,2,499.0,0.12,0.59,0.52,1,14,Low
U_0863,unemployed,30,1419.08,10,163.62,0.22,2,0,19,2,499.0,0.14,0.82,0.12,0,14,Low
U_0864,unemployed,56,323.35,9,165.7,0.45,1,0,27,0,482.0,0.05,0.41,0.26,0,19,Low
U_0865,unemployed,34,353.23,17,92.94,0.14,1,0,24,2,537.0,0.25,0.52,0.22,2,1,Low
U_0866,unemployed,48,199.81,8,68.03,0.36,3,0,44,0,543.0,0.13,0.2,0.21,3,17,Low
U_0867,unemployed,22,142.92,20,16.46,0.33,2,0,60,0,494.0,0.44,0.74,0.61,1,3,Low
U_0868,unemployed,18,380.49,14,125.83,0.05,2,0,26,2,474.0,0.71,0.68,0.46,4,36,Low
U_0869,unemployed,20,870.73,11,55.76,0.23,3,0,60,1,576.0,0.31,0.63,0.27,0,21,Low
U_0870,unemployed,63,795.64,13,32.65,0.22,0,0,21,0,596.0,0.05,0.73,0.49,2,18,Low
U_0871,unemployed,65,540.89,10,88.87,0.22,2,0,40,1,503.0,0.29,0.57,0.29,1,11,Low
U_0872,unemployed,38,1105.3,13,100.8,0.13,1,0,36,2,527.0,0.05,0.4,0.07,1,13,Low
U_0873,unemployed,27,81.85,8,40.71,0.4,3,0,17,0,541.0,0.22,0.65,0.67,1,32,Low
U_0874,unemployed,20,662.28,150,98.91,0.74,5,0,30,1,422.0,0.58,0.45,0.23,3,10,High
U_0875,unemployed,25,524.41,8,44.73,0.21,2,0,12,0,550.0,0.57,0.39,0.22,3,14,Low
U_0876,unemployed,55,1497.01,14,5.8,0.46,1,0,27,0,449.0,0.18,0.59,0.13,2,7,Low
U_0877,unemployed,39,38.94,15,137.86,0.1,0,0,26,1,518.0,0.13,0.36,0.15,4,21,Low
U_0878,unemployed,27,43.31,8,94.75,0.36,3,0,30,2,591.0,0.28,0.55,0.06,2,1,Low
U_0879,unemployed,39,1454.66,9,132.95,0.53,3,0,21,2,600.0,0.18,0.18,0.17,4,9,Moderate
U_0880,unemployed,31,1294.92,10,161.3,0.09,2,0,21,0,549.0,0.47,0.33,0.07,2,25,Low
U_0881,unemployed,23,598.29,14,39.71,0.6,3,1,6,4,570.0,0.23,0.41,0.4,0,26,Moderate
U_0882,unemployed,36,970.75,11,191.11,0.26,1,0,8,1,498.0,0.32,0.52,0.14,1,20,Low
U_0883,unemployed,61,905.27,14,75.01,0.02,0,0,54,1,503.0,0.29,0.66,0.18,2,25,Low
U_0884,unemployed,48,402.72,6,122.07,0.25,0,0,49,1,562.0,0.21,0.63,0.4,2,28,Low
U_0885,unemployed,58,639.03,8,12.89,0.05,2,0,30,2,445.0,0.41,0.46,0.06,2,10,Low
U_0886,unemployed,49,790.92,13,131.21,0.68,0,0,19,1,487.0,0.3,0.51,0.17,4,31,Low
U_0887,unemployed,37,222.91,7,29.92,0.09,2,0,54,0,505.0,0.53,0.38,0.44,1,4,Low
U_0888,unemployed,53,114.8,9,13.79,0.18,6,1,33,1,483.0,0.03,0.51,0.3,2,17,Moderate
U_0889,unemployed,40,382.29,19,20.95,0.25,0,0,8,2,532.0,0.39,0.81,0.28,0,12,Low
U_0890,unemployed,43,67.89,5,86.17,0.23,2,0,21,2,545.0,0.19,0.3,0.15,3,29,Low
U_0891,unemployed,57,1211.75,19,71.56,0.48,1,0,14,0,416.0,0.31,0.22,0.22,4,17,Low
U_0892,unemployed,61,159.5,15,109.2,0.14,0,0,26,0,403.0,0.42,0.63,0.12,2,30,Low
U_0893,unemployed,62,607.64,11,133.25,0.23,3,0,20,2,563.0,0.21,0.44,0.3,2,26,Low
U_0894,unemployed,37,131.45,22,31.35,0.64,1,0,8,0,539.0,0.45,0.59,0.13,0,2,Low
U_0895,unemployed,31,721.68,12,33.31,0.75,4,0,28,2,572.0,0.6,0.63,0.21,2,6,Moderate
U_0896,unemployed,37,1154.58,11,33.89,0.22,3,0,2,0,433.0,0.35,0.28,0.32,0,29,Low
U_0897,unemployed,49,707.23,11,172.66,0.37,1,0,13,1,514.0,0.07,0.74,0.29,3,4,Low
U_0898,unemployed,39,11.81,10,127.93,0.22,3,0,27,1,547.0,0.39,0.47,0.29,2,36,Low
U_0899,unemployed,36,55.53,14,82.94,0.18,3,0,15,2,412.0,0.44,0.54,0.24,0,21,Low
U_0900,unemployed,53,95.27,11,179.11,0.17,3,0,57,1,423.0,0.54,0.59,0.24,2,23,Low
U_0901,executive,58,23042.83,31,201.95,0.7,1,0,110,1,738.0,0.48,0.05,0.98,0,52,Moderate
U_0902,executive,51,28199.92,36,4281.92,0.43,2,0,348,1,702.0,0.67,0.44,0.92,0,115,Low
U_0903,executive,54,29075.48,36,4182.1,0.35,2,0,346,1,815.0,0.61,0.04,0.92,0,44,Low
U_0904,executive,43,13496.52,32,3771.35,0.44,2,0,259,0,709.0,0.7,0.0,0.82,0,86,Low
U_0905,executive,36,25250.1,33,4720.97,0.19,1,0,167,0,716.0,0.6,0.2,0.69,0,26,Low
U_0906,executive,52,27260.84,41,1849.51,0.2,0,0,101,0,817.0,0.89,0.0,0.78,0,38,Low
U_0907,executive,44,9775.82,43,1198.07,0.19,1,0,186,1,811.0,0.65,0.03,0.82,0,95,Low
U_0908,executive,47,27615.31,37,4281.7,0.19,2,0,321,0,800.0,0.7,0.13,0.6,0,80,Low
U_0909,executive,59,29140.88,36,3803.25,0.04,0,0,324,0,820.0,0.82,0.0,0.91,0,37,Low
U_0910,executive,40,21488.3,51,4367.26,0.05,1,0,92,1,800.0,0.84,0.12,0.77,0,87,Low
U_0911,executive,36,10548.8,46,1882.31,0.41,0,0,74,0,755.0,0.91,0.12,0.55,0,24,Low
U_0912,executive,45,26200.71,34,2420.95,0.13,1,0,270,0,694.0,0.83,0.04,0.77,0,120,Low
U_0913,executive,56,15294.8,40,3358.48,0.15,0,0,283,1,814.0,0.7,0.04,0.69,0,78,Low
U_0914,executive,56,28114.46,37,4500.52,0.03,2,0,197,0,755.0,0.73,0.3,0.67,0,115,Low
U_0915,executive,63,28703.79,46,515.41,0.07,1,0,217,0,754.0,0.78,0.22,0.75,0,28,Low
U_0916,executive,39,27757.76,31,383.27,0.69,2,0,350,1,751.0,0.76,0.07,0.88,0,113,Moderate
U_0917,executive,65,27091.57,40,3635.6,0.6,1,1,188,4,821.0,0.55,0.04,0.82,0,102,Moderate
U_0918,executive,39,23106.79,37,2286.33,0.69,0,0,290,1,799.0,0.96,0.07,0.91,0,107,Moderate
U_0919,executive,55,24834.21,51,4416.78,0.12,0,0,30,1,746.0,0.96,0.1,0.83,0,40,Low
U_0920,executive,63,29814.25,176,745.62,0.53,5,0,273,1,769.0,0.66,0.02,0.77,0,44,High
U_0921,executive,31,7641.5,35,4003.33,0.45,2,0,144,0,821.0,0.65,0.23,0.69,0,78,Low
U_0922,executive,62,9540.16,33,393.73,0.19,1,0,144,1,701.0,0.79,0.06,0.77,0,39,Low
U_0923,executive,58,13853.11,38,3710.61,0.3,1,0,185,0,817.0,0.54,0.21,0.42,1,96,Low
U_0924,executive,64,26423.4,41,1245.81,0.17,1,0,157,0,801.0,0.89,0.07,0.89,0,55,Low
U_0925,executive,36,14540.48,37,2953.61,0.05,1,0,244,0,705.0,0.58,0.14,0.89,0,76,Low
U_0926,executive,35,9121.72,29,2181.94,0.09,0,0,255,0,756.0,0.86,0.26,0.75,0,91,Low
U_0927,executive,55,20529.51,28,2642.83,0.12,1,0,147,1,788.0,0.81,0.15,0.52,1,112,Low
U_0928,executive,61,23829.49,42,2142.92,0.49,0,0,85,0,762.0,0.61,0.04,0.89,0,114,Low
U_0929,executive,62,26855.25,50,678.48,0.07,0,0,245,1,686.0,0.81,0.03,0.82,0,95,Low
U_0930,executive,53,28199.04,36,681.95,0.19,1,0,68,0,743.0,0.86,0.18,0.61,0,90,Low
U_0931,executive,39,9708.07,39,1594.13,0.19,1,0,167,1,763.0,0.72,0.02,0.65,0,42,Low
U_0932,executive,56,8118.97,30,4481.84,0.39,1,0,122,0,819.0,0.62,0.0,0.89,0,39,Low
U_0933,executive,65,15018.93,172,2182.55,0.09,5,0,258,1,776.0,0.75,0.02,0.81,0,72,Moderate
U_0934,executive,60,26192.58,40,4185.05,0.25,0,0,82,1,809.0,0.7,0.17,0.53,0,43,Low
U_0935,executive,50,9054.24,38,3161.38,0.14,2,0,221,1,720.0,0.74,0.29,0.77,0,93,Low
U_0936,executive,32,29035.83,150,2230.61,0.28,5,0,154,0,827.0,0.7,0.06,0.98,0,97,Moderate
U_0937,executive,49,19904.02,37,706.53,0.03,2,0,55,0,842.0,0.76,0.29,0.8,0,120,Low
U_0938,executive,33,29017.73,45,2656.59,0.53,1,0,269,0,700.0,0.93,0.11,0.74,0,47,Low
U_0939,executive,31,13324.14,37,1108.44,0.51,2,0,308,1,694.0,0.71,0.03,0.74,0,65,Moderate
U_0940,executive,55,20544.54,36,2508.22,0.49,0,0,186,1,711.0,0.78,0.18,0.93,0,91,Low
U_0941,executive,50,15786.25,45,546.02,0.13,0,0,289,0,729.0,0.69,0.1,0.79,0,35,Low
U_0942,executive,39,14056.27,44,2095.65,0.7,0,0,42,1,711.0,0.83,0.18,0.94,0,62,Moderate
U_0943,executive,54,9271.12,32,798.06,0.05,1,0,144,1,840.0,0.94,0.08,0.82,0,30,Low
U_0944,executive,42,12511.33,150,1512.66,0.16,5,0,264,1,841.0,0.88,0.3,0.75,0,64,Moderate
U_0945,executive,59,19721.78,37,420.75,0.37,0,1,220,3,835.0,0.99,0.05,0.47,0,94,Moderate
U_0946,executive,36,12665.27,49,2818.07,0.42,0,0,167,1,756.0,0.9,0.1,0.64,0,88,Low
U_0947,executive,43,25006.28,48,797.6,0.71,4,0,98,0,771.0,0.8,0.18,0.65,0,95,Moderate
U_0948,executive,58,7961.22,45,4081.95,0.21,2,0,160,0,680.0,0.88,0.1,0.89,0,85,Low
U_0949,executive,47,20750.96,22,4213.49,0.09,1,0,191,0,779.0,0.93,0.04,0.57,0,29,Low
U_0950,executive,40,24001.21,31,2859.1,0.07,8,1,57,1,799.0,0.97,0.01,0.73,0,116,Moderate
U_0951,executive,65,29972.89,48,4403.57,0.05,0,0,324,1,830.0,0.96,0.2,0.48,0,105,Low
U_0952,executive,46,29531.73,39,3568.0,0.13,1,0,137,1,738.0,0.38,0.09,0.9,0,100,Low
U_0953,executive,51,7365.12,40,3490.04,0.37,2,0,13,1,681.0,0.83,0.09,0.61,0,46,Low
U_0954,executive,56,19783.19,50,3512.8,0.11,1,0,213,0,814.0,0.68,0.1,0.72,0,33,Low
U_0955,executive,64,7711.79,37,4177.21,0.01,6,1,239,0,740.0,0.8,0.09,0.9,0,100,Moderate
U_0956,executive,52,15895.27,47,4211.81,0.01,2,0,16,0,759.0,0.83,0.18,0.58,0,80,Low
U_0957,executive,30,12094.98,40,196.93,0.03,1,0,360,1,713.0,0.94,0.12,0.82,0,104,Low
U_0958,executive,49,25593.53,37,1183.62,0.15,1,0,197,0,728.0,0.87,0.01,0.62,0,114,Low
U_0959,executive,43,7164.11,40,4922.89,0.06,2,0,214,0,828.0,0.87,0.05,0.89,0,87,Low
U_0960,executive,40,19691.06,48,3333.21,0.82,2,0,356,0,691.0,0.64,0.02,0.56,0,32,Moderate
U_0961,executive,38,12971.36,35,2892.53,0.31,0,0,279,1,713.0,0.46,0.07,0.89,0,112,Low
U_0962,executive,64,21132.5,52,3435.33,0.41,1,0,13,1,789.0,0.64,0.14,0.86,0,30,Low
U_0963,executive,50,16948.61,41,4976.02,0.93,4,0,74,1,764.0,0.84,0.13,0.54,0,29,Moderate
U_0964,executive,44,8080.19,46,4600.12,0.06,2,0,241,1,681.0,0.84,0.04,0.66,0,34,Low
U_0965,executive,31,29776.09,150,602.79,0.18,5,0,228,0,836.0,0.65,0.15,0.91,0,66,Moderate
U_0966,executive,49,8445.41,36,3163.94,0.09,10,1,257,1,817.0,0.72,0.25,0.88,0,104,Moderate
U_0967,executive,51,26331.67,42,1311.05,0.1,1,0,134,1,822.0,0.57,0.15,0.83,0,90,Low
U_0968,executive,45,28701.59,48,3901.17,0.4,2,0,236,0,786.0,0.72,0.03,0.84,0,34,Low
U_0969,executive,33,28084.43,32,1949.24,0.34,2,0,45,0,691.0,0.89,0.04,0.85,0,31,Low
U_0970,executive,49,21046.99,36,2216.01,0.15,0,0,358,0,775.0,0.71,0.07,0.6,0,72,Low
U_0971,executive,55,9204.1,53,3784.62,0.12,0,0,318,0,757.0,0.71,0.03,0.81,0,78,Low
U_0972,executive,36,14811.18,49,4694.17,0.23,0,0,244,1,780.0,0.61,0.11,0.86,0,25,Low
U_0973,executive,34,20636.39,33,4219.82,0.05,2,0,76,1,740.0,0.95,0.01,0.7,0,103,Low
U_0974,executive,58,11276.24,42,774.6,0.05,0,0,42,0,733.0,0.96,0.06,0.81,0,107,Low
U_0975,executive,52,14157.33,34,4437.59,0.3,0,0,87,1,732.0,0.74,0.14,0.69,0,71,Low
U_0976,executive,30,18906.65,61,3322.62,0.02,0,0,41,0,766.0,0.79,0.09,0.68,0,30,Low
U_0977,executive,57,14907.77,34,4884.9,0.03,2,0,115,0,738.0,0.41,0.49,0.71,0,112,Low
U_0978,executive,59,20794.53,52,1722.61,0.07,2,0,301,1,785.0,0.75,0.01,0.86,0,44,Low
U_0979,executive,36,17448.95,46,3967.04,0.52,0,0,265,0,836.0,0.37,0.08,0.86,0,112,Low
U_0980,executive,44,17730.35,42,1144.38,0.39,1,0,181,1,715.0,0.85,0.0,0.81,0,24,Low
U_0981,executive,53,7227.52,47,1853.64,0.05,2,0,70,0,729.0,0.86,0.09,0.91,0,98,Low
U_0982,executive,53,8009.81,38,245.46,0.52,0,0,157,0,717.0,0.65,0.06,0.66,0,46,Low
U_0983,executive,51,26493.29,38,1305.22,0.12,0,0,23,0,823.0,0.47,0.0,0.8,0,26,Low
U_0984,executive,38,15715.22,38,3958.33,0.27,0,0,185,0,732.0,0.62,0.05,0.68,0,71,Low
U_0985,executive,40,28646.72,34,4887.8,0.39,2,0,234,0,700.0,0.67,0.03,0.94,0,40,Low
U_0986,executive,42,11408.67,38,1953.16,0.12,1,0,174,1,846.0,0.86,0.06,0.59,0,29,Low
U_0987,executive,42,26652.01,36,1541.5,0.19,0,0,179,0,689.0,0.9,0.08,0.82,0,40,Low
U_0988,executive,62,29272.84,50,4440.59,0.64,0,0,53,1,814.0,0.97,0.08,0.72,0,45,Moderate
U_0989,executive,62,15926.66,39,4423.87,0.21,2,0,203,1,768.0,0.84,0.06,0.31,0,115,Low
U_0990,executive,53,19085.94,34,2468.16,0.4,1,0,254,1,779.0,0.74,0.11,0.93,0,98,Low
U_0991,executive,32,11765.59,42,4484.93,0.01,1,0,132,1,717.0,0.89,0.01,0.91,0,72,Low
U_0992,executive,40,28516.47,27,1933.13,0.47,2,0,55,0,808.0,0.77,0.18,0.93,0,90,Low
U_0993,executive,52,12294.08,37,301.6,0.47,2,1,330,2,752.0,0.93,0.11,0.6,0,76,Moderate
U_0994,executive,53,25503.6,37,1653.4,0.66,1,0,24,0,755.0,0.78,0.03,0.96,0,33,Low
U_0995,executive,52,27733.94,44,1543.14,0.31,2,0,274,0,814.0,0.79,0.03,0.75,0,36,Low
U_0996,executive,37,8641.02,38,287.58,0.16,0,0,182,0,795.0,0.78,0.01,0.88,0,119,Low
U_0997,executive,47,11384.78,42,3059.77,0.14,0,0,290,1,681.0,0.7,0.14,0.83,0,68,Low
U_0998,executive,55,28753.75,43,4127.12,0.62,2,0,18,1,791.0,0.74,0.04,0.79,1,43,Moderate
U_0999,executive,55,12234.31,43,3644.35,0.01,0,0,254,0,768.0,0.94,0.12,0.86,0,120,Low
U_1000,executive,59,23617.74,23,2360.87,0.06,0,0,172,0,753.0,0.95,0.13,0.78,0,77,Low
